tstamp,country,observation,obs_ord,count
2020-03-23,China,total_cases,Total Cases,81054
2020-03-23,China,new_cases,New Cases,46
2020-03-23,China,total_deaths,Total Deaths,3261
2020-03-23,China,new_deaths,NA,6
2020-03-23,China,total_recovered,Total Recovered,72440
2020-03-23,China,active_cases,Active Cases,5353
2020-03-23,China,serious_critical,Serious Critical,1845
2020-03-23,China,tot_cases_1m_pop,Total Cases per 1m Population,56
2020-03-23,China,death_rate,Death Rate,4.02
2020-03-23,Italy,total_cases,Total Cases,59138
2020-03-23,Italy,new_cases,New Cases,5560
2020-03-23,Italy,total_deaths,Total Deaths,5476
2020-03-23,Italy,new_deaths,NA,651
2020-03-23,Italy,total_recovered,Total Recovered,7024
2020-03-23,Italy,active_cases,Active Cases,46638
2020-03-23,Italy,serious_critical,Serious Critical,3000
2020-03-23,Italy,tot_cases_1m_pop,Total Cases per 1m Population,978
2020-03-23,Italy,death_rate,Death Rate,9.26
2020-03-23,United States,total_cases,Total Cases,32356
2020-03-23,United States,new_cases,New Cases,8149
2020-03-23,United States,total_deaths,Total Deaths,414
2020-03-23,United States,new_deaths,NA,112
2020-03-23,United States,total_recovered,Total Recovered,178
2020-03-23,United States,active_cases,Active Cases,31764
2020-03-23,United States,serious_critical,Serious Critical,795
2020-03-23,United States,tot_cases_1m_pop,Total Cases per 1m Population,98
2020-03-23,United States,death_rate,Death Rate,1.28
2020-03-23,Spain,total_cases,Total Cases,28603
2020-03-23,Spain,new_cases,New Cases,3107
2020-03-23,Spain,total_deaths,Total Deaths,1756
2020-03-23,Spain,new_deaths,NA,375
2020-03-23,Spain,total_recovered,Total Recovered,2125
2020-03-23,Spain,active_cases,Active Cases,24722
2020-03-23,Spain,serious_critical,Serious Critical,1785
2020-03-23,Spain,tot_cases_1m_pop,Total Cases per 1m Population,612
2020-03-23,Spain,death_rate,Death Rate,6.14
2020-03-23,Germany,total_cases,Total Cases,24852
2020-03-23,Germany,new_cases,New Cases,2488
2020-03-23,Germany,total_deaths,Total Deaths,94
2020-03-23,Germany,new_deaths,NA,10
2020-03-23,Germany,total_recovered,Total Recovered,266
2020-03-23,Germany,active_cases,Active Cases,24492
2020-03-23,Germany,serious_critical,Serious Critical,2
2020-03-23,Germany,tot_cases_1m_pop,Total Cases per 1m Population,297
2020-03-23,Germany,death_rate,Death Rate,0.38
2020-03-23,Iran,total_cases,Total Cases,21638
2020-03-23,Iran,new_cases,New Cases,1028
2020-03-23,Iran,total_deaths,Total Deaths,1685
2020-03-23,Iran,new_deaths,NA,129
2020-03-23,Iran,total_recovered,Total Recovered,7635
2020-03-23,Iran,active_cases,Active Cases,12318
2020-03-23,Iran,serious_critical,Serious Critical,NA
2020-03-23,Iran,tot_cases_1m_pop,Total Cases per 1m Population,258
2020-03-23,Iran,death_rate,Death Rate,7.79
2020-03-23,France,total_cases,Total Cases,16018
2020-03-23,France,new_cases,New Cases,1559
2020-03-23,France,total_deaths,Total Deaths,674
2020-03-23,France,new_deaths,NA,112
2020-03-23,France,total_recovered,Total Recovered,2200
2020-03-23,France,active_cases,Active Cases,13144
2020-03-23,France,serious_critical,Serious Critical,1746
2020-03-23,France,tot_cases_1m_pop,Total Cases per 1m Population,245
2020-03-23,France,death_rate,Death Rate,4.21
2020-03-23,South Korea,total_cases,Total Cases,8897
2020-03-23,South Korea,new_cases,New Cases,98
2020-03-23,South Korea,total_deaths,Total Deaths,104
2020-03-23,South Korea,new_deaths,NA,2
2020-03-23,South Korea,total_recovered,Total Recovered,2909
2020-03-23,South Korea,active_cases,Active Cases,5884
2020-03-23,South Korea,serious_critical,Serious Critical,59
2020-03-23,South Korea,tot_cases_1m_pop,Total Cases per 1m Population,174
2020-03-23,South Korea,death_rate,Death Rate,1.17
2020-03-23,Switzerland,total_cases,Total Cases,7474
2020-03-23,Switzerland,new_cases,New Cases,611
2020-03-23,Switzerland,total_deaths,Total Deaths,98
2020-03-23,Switzerland,new_deaths,NA,18
2020-03-23,Switzerland,total_recovered,Total Recovered,131
2020-03-23,Switzerland,active_cases,Active Cases,7245
2020-03-23,Switzerland,serious_critical,Serious Critical,141
2020-03-23,Switzerland,tot_cases_1m_pop,Total Cases per 1m Population,864
2020-03-23,Switzerland,death_rate,Death Rate,1.31
2020-03-23,UK,total_cases,Total Cases,5683
2020-03-23,UK,new_cases,New Cases,665
2020-03-23,UK,total_deaths,Total Deaths,281
2020-03-23,UK,new_deaths,NA,48
2020-03-23,UK,total_recovered,Total Recovered,93
2020-03-23,UK,active_cases,Active Cases,5309
2020-03-23,UK,serious_critical,Serious Critical,20
2020-03-23,UK,tot_cases_1m_pop,Total Cases per 1m Population,84
2020-03-23,UK,death_rate,Death Rate,4.94
2020-03-23,Netherlands,total_cases,Total Cases,4204
2020-03-23,Netherlands,new_cases,New Cases,573
2020-03-23,Netherlands,total_deaths,Total Deaths,179
2020-03-23,Netherlands,new_deaths,NA,43
2020-03-23,Netherlands,total_recovered,Total Recovered,2
2020-03-23,Netherlands,active_cases,Active Cases,4023
2020-03-23,Netherlands,serious_critical,Serious Critical,354
2020-03-23,Netherlands,tot_cases_1m_pop,Total Cases per 1m Population,245
2020-03-23,Netherlands,death_rate,Death Rate,4.26
2020-03-23,Belgium,total_cases,Total Cases,3401
2020-03-23,Belgium,new_cases,New Cases,586
2020-03-23,Belgium,total_deaths,Total Deaths,75
2020-03-23,Belgium,new_deaths,NA,8
2020-03-23,Belgium,total_recovered,Total Recovered,263
2020-03-23,Belgium,active_cases,Active Cases,3063
2020-03-23,Belgium,serious_critical,Serious Critical,288
2020-03-23,Belgium,tot_cases_1m_pop,Total Cases per 1m Population,293
2020-03-23,Belgium,death_rate,Death Rate,2.21
2020-03-23,Austria,total_cases,Total Cases,3302
2020-03-23,Austria,new_cases,New Cases,310
2020-03-23,Austria,total_deaths,Total Deaths,16
2020-03-23,Austria,new_deaths,NA,8
2020-03-23,Austria,total_recovered,Total Recovered,9
2020-03-23,Austria,active_cases,Active Cases,3277
2020-03-23,Austria,serious_critical,Serious Critical,15
2020-03-23,Austria,tot_cases_1m_pop,Total Cases per 1m Population,367
2020-03-23,Austria,death_rate,Death Rate,0.48
2020-03-23,Norway,total_cases,Total Cases,2263
2020-03-23,Norway,new_cases,New Cases,99
2020-03-23,Norway,total_deaths,Total Deaths,7
2020-03-23,Norway,new_deaths,NA,NA
2020-03-23,Norway,total_recovered,Total Recovered,6
2020-03-23,Norway,active_cases,Active Cases,2250
2020-03-23,Norway,serious_critical,Serious Critical,28
2020-03-23,Norway,tot_cases_1m_pop,Total Cases per 1m Population,417
2020-03-23,Norway,death_rate,Death Rate,0.31
2020-03-23,Sweden,total_cases,Total Cases,1931
2020-03-23,Sweden,new_cases,New Cases,161
2020-03-23,Sweden,total_deaths,Total Deaths,21
2020-03-23,Sweden,new_deaths,NA,1
2020-03-23,Sweden,total_recovered,Total Recovered,16
2020-03-23,Sweden,active_cases,Active Cases,1894
2020-03-23,Sweden,serious_critical,Serious Critical,68
2020-03-23,Sweden,tot_cases_1m_pop,Total Cases per 1m Population,191
2020-03-23,Sweden,death_rate,Death Rate,1.09
2020-03-23,Portugal,total_cases,Total Cases,1600
2020-03-23,Portugal,new_cases,New Cases,320
2020-03-23,Portugal,total_deaths,Total Deaths,14
2020-03-23,Portugal,new_deaths,NA,2
2020-03-23,Portugal,total_recovered,Total Recovered,5
2020-03-23,Portugal,active_cases,Active Cases,1581
2020-03-23,Portugal,serious_critical,Serious Critical,26
2020-03-23,Portugal,tot_cases_1m_pop,Total Cases per 1m Population,157
2020-03-23,Portugal,death_rate,Death Rate,0.88
2020-03-23,Canada,total_cases,Total Cases,1426
2020-03-23,Canada,new_cases,New Cases,98
2020-03-23,Canada,total_deaths,Total Deaths,20
2020-03-23,Canada,new_deaths,NA,1
2020-03-23,Canada,total_recovered,Total Recovered,14
2020-03-23,Canada,active_cases,Active Cases,1392
2020-03-23,Canada,serious_critical,Serious Critical,1
2020-03-23,Canada,tot_cases_1m_pop,Total Cases per 1m Population,38
2020-03-23,Canada,death_rate,Death Rate,1.4
2020-03-23,Denmark,total_cases,Total Cases,1395
2020-03-23,Denmark,new_cases,New Cases,69
2020-03-23,Denmark,total_deaths,Total Deaths,13
2020-03-23,Denmark,new_deaths,NA,NA
2020-03-23,Denmark,total_recovered,Total Recovered,1
2020-03-23,Denmark,active_cases,Active Cases,1381
2020-03-23,Denmark,serious_critical,Serious Critical,42
2020-03-23,Denmark,tot_cases_1m_pop,Total Cases per 1m Population,241
2020-03-23,Denmark,death_rate,Death Rate,0.93
2020-03-23,Australia,total_cases,Total Cases,1353
2020-03-23,Australia,new_cases,New Cases,281
2020-03-23,Australia,total_deaths,Total Deaths,7
2020-03-23,Australia,new_deaths,NA,NA
2020-03-23,Australia,total_recovered,Total Recovered,46
2020-03-23,Australia,active_cases,Active Cases,1300
2020-03-23,Australia,serious_critical,Serious Critical,2
2020-03-23,Australia,tot_cases_1m_pop,Total Cases per 1m Population,53
2020-03-23,Australia,death_rate,Death Rate,0.52
2020-03-23,Malaysia,total_cases,Total Cases,1306
2020-03-23,Malaysia,new_cases,New Cases,123
2020-03-23,Malaysia,total_deaths,Total Deaths,10
2020-03-23,Malaysia,new_deaths,NA,2
2020-03-23,Malaysia,total_recovered,Total Recovered,139
2020-03-23,Malaysia,active_cases,Active Cases,1157
2020-03-23,Malaysia,serious_critical,Serious Critical,26
2020-03-23,Malaysia,tot_cases_1m_pop,Total Cases per 1m Population,40
2020-03-23,Malaysia,death_rate,Death Rate,0.77
2020-03-23,Turkey,total_cases,Total Cases,1236
2020-03-23,Turkey,new_cases,New Cases,289
2020-03-23,Turkey,total_deaths,Total Deaths,NA
2020-03-23,Turkey,new_deaths,NA,9
2020-03-23,Turkey,total_recovered,Total Recovered,NA
2020-03-23,Turkey,active_cases,Active Cases,1206
2020-03-23,Turkey,serious_critical,Serious Critical,NA
2020-03-23,Turkey,tot_cases_1m_pop,Total Cases per 1m Population,15
2020-03-23,Turkey,death_rate,Death Rate,NA
2020-03-23,Brazil,total_cases,Total Cases,1209
2020-03-23,Brazil,new_cases,New Cases,31
2020-03-23,Brazil,total_deaths,Total Deaths,18
2020-03-23,Brazil,new_deaths,NA,NA
2020-03-23,Brazil,total_recovered,Total Recovered,2
2020-03-23,Brazil,active_cases,Active Cases,1189
2020-03-23,Brazil,serious_critical,Serious Critical,18
2020-03-23,Brazil,tot_cases_1m_pop,Total Cases per 1m Population,6
2020-03-23,Brazil,death_rate,Death Rate,1.49
2020-03-23,Czech Republic,total_cases,Total Cases,1120
2020-03-23,Czech Republic,new_cases,New Cases,125
2020-03-23,Czech Republic,total_deaths,Total Deaths,1
2020-03-23,Czech Republic,new_deaths,NA,1
2020-03-23,Czech Republic,total_recovered,Total Recovered,6
2020-03-23,Czech Republic,active_cases,Active Cases,1113
2020-03-23,Czech Republic,serious_critical,Serious Critical,19
2020-03-23,Czech Republic,tot_cases_1m_pop,Total Cases per 1m Population,105
2020-03-23,Czech Republic,death_rate,Death Rate,0.09
2020-03-23,Japan,total_cases,Total Cases,1086
2020-03-23,Japan,new_cases,New Cases,32
2020-03-23,Japan,total_deaths,Total Deaths,36
2020-03-23,Japan,new_deaths,NA,NA
2020-03-23,Japan,total_recovered,Total Recovered,235
2020-03-23,Japan,active_cases,Active Cases,815
2020-03-23,Japan,serious_critical,Serious Critical,57
2020-03-23,Japan,tot_cases_1m_pop,Total Cases per 1m Population,9
2020-03-23,Japan,death_rate,Death Rate,3.31
2020-03-23,Israel,total_cases,Total Cases,1071
2020-03-23,Israel,new_cases,New Cases,188
2020-03-23,Israel,total_deaths,Total Deaths,1
2020-03-23,Israel,new_deaths,NA,NA
2020-03-23,Israel,total_recovered,Total Recovered,37
2020-03-23,Israel,active_cases,Active Cases,1033
2020-03-23,Israel,serious_critical,Serious Critical,18
2020-03-23,Israel,tot_cases_1m_pop,Total Cases per 1m Population,124
2020-03-23,Israel,death_rate,Death Rate,0.09
2020-03-23,Ireland,total_cases,Total Cases,906
2020-03-23,Ireland,new_cases,New Cases,121
2020-03-23,Ireland,total_deaths,Total Deaths,4
2020-03-23,Ireland,new_deaths,NA,1
2020-03-23,Ireland,total_recovered,Total Recovered,5
2020-03-23,Ireland,active_cases,Active Cases,897
2020-03-23,Ireland,serious_critical,Serious Critical,29
2020-03-23,Ireland,tot_cases_1m_pop,Total Cases per 1m Population,183
2020-03-23,Ireland,death_rate,Death Rate,0.44
2020-03-23,Luxembourg,total_cases,Total Cases,798
2020-03-23,Luxembourg,new_cases,New Cases,128
2020-03-23,Luxembourg,total_deaths,Total Deaths,8
2020-03-23,Luxembourg,new_deaths,NA,NA
2020-03-23,Luxembourg,total_recovered,Total Recovered,6
2020-03-23,Luxembourg,active_cases,Active Cases,784
2020-03-23,Luxembourg,serious_critical,Serious Critical,3
2020-03-23,Luxembourg,tot_cases_1m_pop,Total Cases per 1m Population,1275
2020-03-23,Luxembourg,death_rate,Death Rate,1
2020-03-23,Ecuador,total_cases,Total Cases,789
2020-03-23,Ecuador,new_cases,New Cases,257
2020-03-23,Ecuador,total_deaths,Total Deaths,14
2020-03-23,Ecuador,new_deaths,NA,7
2020-03-23,Ecuador,total_recovered,Total Recovered,3
2020-03-23,Ecuador,active_cases,Active Cases,772
2020-03-23,Ecuador,serious_critical,Serious Critical,2
2020-03-23,Ecuador,tot_cases_1m_pop,Total Cases per 1m Population,45
2020-03-23,Ecuador,death_rate,Death Rate,1.77
2020-03-23,Pakistan,total_cases,Total Cases,646
2020-03-23,Pakistan,new_cases,New Cases,1
2020-03-23,Pakistan,total_deaths,Total Deaths,4
2020-03-23,Pakistan,new_deaths,NA,1
2020-03-23,Pakistan,total_recovered,Total Recovered,13
2020-03-23,Pakistan,active_cases,Active Cases,629
2020-03-23,Pakistan,serious_critical,Serious Critical,NA
2020-03-23,Pakistan,tot_cases_1m_pop,Total Cases per 1m Population,3
2020-03-23,Pakistan,death_rate,Death Rate,0.62
2020-03-23,Chile,total_cases,Total Cases,632
2020-03-23,Chile,new_cases,New Cases,95
2020-03-23,Chile,total_deaths,Total Deaths,1
2020-03-23,Chile,new_deaths,NA,NA
2020-03-23,Chile,total_recovered,Total Recovered,8
2020-03-23,Chile,active_cases,Active Cases,623
2020-03-23,Chile,serious_critical,Serious Critical,7
2020-03-23,Chile,tot_cases_1m_pop,Total Cases per 1m Population,33
2020-03-23,Chile,death_rate,Death Rate,0.16
2020-03-23,Poland,total_cases,Total Cases,627
2020-03-23,Poland,new_cases,New Cases,91
2020-03-23,Poland,total_deaths,Total Deaths,7
2020-03-23,Poland,new_deaths,NA,2
2020-03-23,Poland,total_recovered,Total Recovered,13
2020-03-23,Poland,active_cases,Active Cases,607
2020-03-23,Poland,serious_critical,Serious Critical,3
2020-03-23,Poland,tot_cases_1m_pop,Total Cases per 1m Population,17
2020-03-23,Poland,death_rate,Death Rate,1.12
2020-03-23,Finland,total_cases,Total Cases,626
2020-03-23,Finland,new_cases,New Cases,103
2020-03-23,Finland,total_deaths,Total Deaths,1
2020-03-23,Finland,new_deaths,NA,NA
2020-03-23,Finland,total_recovered,Total Recovered,10
2020-03-23,Finland,active_cases,Active Cases,615
2020-03-23,Finland,serious_critical,Serious Critical,12
2020-03-23,Finland,tot_cases_1m_pop,Total Cases per 1m Population,113
2020-03-23,Finland,death_rate,Death Rate,0.16
2020-03-23,Greece,total_cases,Total Cases,624
2020-03-23,Greece,new_cases,New Cases,94
2020-03-23,Greece,total_deaths,Total Deaths,15
2020-03-23,Greece,new_deaths,NA,2
2020-03-23,Greece,total_recovered,Total Recovered,19
2020-03-23,Greece,active_cases,Active Cases,590
2020-03-23,Greece,serious_critical,Serious Critical,18
2020-03-23,Greece,tot_cases_1m_pop,Total Cases per 1m Population,60
2020-03-23,Greece,death_rate,Death Rate,2.4
2020-03-23,Thailand,total_cases,Total Cases,599
2020-03-23,Thailand,new_cases,New Cases,188
2020-03-23,Thailand,total_deaths,Total Deaths,1
2020-03-23,Thailand,new_deaths,NA,NA
2020-03-23,Thailand,total_recovered,Total Recovered,44
2020-03-23,Thailand,active_cases,Active Cases,554
2020-03-23,Thailand,serious_critical,Serious Critical,7
2020-03-23,Thailand,tot_cases_1m_pop,Total Cases per 1m Population,9
2020-03-23,Thailand,death_rate,Death Rate,0.17
2020-03-23,Iceland,total_cases,Total Cases,568
2020-03-23,Iceland,new_cases,New Cases,95
2020-03-23,Iceland,total_deaths,Total Deaths,1
2020-03-23,Iceland,new_deaths,NA,NA
2020-03-23,Iceland,total_recovered,Total Recovered,5
2020-03-23,Iceland,active_cases,Active Cases,562
2020-03-23,Iceland,serious_critical,Serious Critical,1
2020-03-23,Iceland,tot_cases_1m_pop,Total Cases per 1m Population,1665
2020-03-23,Iceland,death_rate,Death Rate,0.18
2020-03-23,Indonesia,total_cases,Total Cases,514
2020-03-23,Indonesia,new_cases,New Cases,64
2020-03-23,Indonesia,total_deaths,Total Deaths,48
2020-03-23,Indonesia,new_deaths,NA,10
2020-03-23,Indonesia,total_recovered,Total Recovered,29
2020-03-23,Indonesia,active_cases,Active Cases,437
2020-03-23,Indonesia,serious_critical,Serious Critical,NA
2020-03-23,Indonesia,tot_cases_1m_pop,Total Cases per 1m Population,2
2020-03-23,Indonesia,death_rate,Death Rate,9.34
2020-03-23,Saudi Arabia,total_cases,Total Cases,511
2020-03-23,Saudi Arabia,new_cases,New Cases,119
2020-03-23,Saudi Arabia,total_deaths,Total Deaths,0
2020-03-23,Saudi Arabia,new_deaths,NA,NA
2020-03-23,Saudi Arabia,total_recovered,Total Recovered,17
2020-03-23,Saudi Arabia,active_cases,Active Cases,494
2020-03-23,Saudi Arabia,serious_critical,Serious Critical,NA
2020-03-23,Saudi Arabia,tot_cases_1m_pop,Total Cases per 1m Population,15
2020-03-23,Saudi Arabia,death_rate,Death Rate,0
2020-03-23,Qatar,total_cases,Total Cases,481
2020-03-23,Qatar,new_cases,New Cases,NA
2020-03-23,Qatar,total_deaths,Total Deaths,0
2020-03-23,Qatar,new_deaths,NA,NA
2020-03-23,Qatar,total_recovered,Total Recovered,27
2020-03-23,Qatar,active_cases,Active Cases,454
2020-03-23,Qatar,serious_critical,Serious Critical,6
2020-03-23,Qatar,tot_cases_1m_pop,Total Cases per 1m Population,167
2020-03-23,Qatar,death_rate,Death Rate,0
2020-03-23,Singapore,total_cases,Total Cases,455
2020-03-23,Singapore,new_cases,New Cases,23
2020-03-23,Singapore,total_deaths,Total Deaths,2
2020-03-23,Singapore,new_deaths,NA,NA
2020-03-23,Singapore,total_recovered,Total Recovered,144
2020-03-23,Singapore,active_cases,Active Cases,309
2020-03-23,Singapore,serious_critical,Serious Critical,14
2020-03-23,Singapore,tot_cases_1m_pop,Total Cases per 1m Population,78
2020-03-23,Singapore,death_rate,Death Rate,0.44
2020-03-23,Romania,total_cases,Total Cases,433
2020-03-23,Romania,new_cases,New Cases,66
2020-03-23,Romania,total_deaths,Total Deaths,3
2020-03-23,Romania,new_deaths,NA,3
2020-03-23,Romania,total_recovered,Total Recovered,64
2020-03-23,Romania,active_cases,Active Cases,366
2020-03-23,Romania,serious_critical,Serious Critical,14
2020-03-23,Romania,tot_cases_1m_pop,Total Cases per 1m Population,23
2020-03-23,Romania,death_rate,Death Rate,0.69
2020-03-23,Slovenia,total_cases,Total Cases,414
2020-03-23,Slovenia,new_cases,New Cases,31
2020-03-23,Slovenia,total_deaths,Total Deaths,NA
2020-03-23,Slovenia,new_deaths,NA,1
2020-03-23,Slovenia,total_recovered,Total Recovered,NA
2020-03-23,Slovenia,active_cases,Active Cases,412
2020-03-23,Slovenia,serious_critical,Serious Critical,12
2020-03-23,Slovenia,tot_cases_1m_pop,Total Cases per 1m Population,199
2020-03-23,Slovenia,death_rate,Death Rate,NA
2020-03-23,India,total_cases,Total Cases,396
2020-03-23,India,new_cases,New Cases,64
2020-03-23,India,total_deaths,Total Deaths,7
2020-03-23,India,new_deaths,NA,2
2020-03-23,India,total_recovered,Total Recovered,24
2020-03-23,India,active_cases,Active Cases,365
2020-03-23,India,serious_critical,Serious Critical,NA
2020-03-23,India,tot_cases_1m_pop,Total Cases per 1m Population,0.3
2020-03-23,India,death_rate,Death Rate,1.77
2020-03-23,Philippines,total_cases,Total Cases,380
2020-03-23,Philippines,new_cases,New Cases,73
2020-03-23,Philippines,total_deaths,Total Deaths,25
2020-03-23,Philippines,new_deaths,NA,6
2020-03-23,Philippines,total_recovered,Total Recovered,15
2020-03-23,Philippines,active_cases,Active Cases,340
2020-03-23,Philippines,serious_critical,Serious Critical,1
2020-03-23,Philippines,tot_cases_1m_pop,Total Cases per 1m Population,3
2020-03-23,Philippines,death_rate,Death Rate,6.58
2020-03-23,Russia,total_cases,Total Cases,367
2020-03-23,Russia,new_cases,New Cases,61
2020-03-23,Russia,total_deaths,Total Deaths,1
2020-03-23,Russia,new_deaths,NA,NA
2020-03-23,Russia,total_recovered,Total Recovered,16
2020-03-23,Russia,active_cases,Active Cases,350
2020-03-23,Russia,serious_critical,Serious Critical,NA
2020-03-23,Russia,tot_cases_1m_pop,Total Cases per 1m Population,3
2020-03-23,Russia,death_rate,Death Rate,0.27
2020-03-23,Peru,total_cases,Total Cases,363
2020-03-23,Peru,new_cases,New Cases,45
2020-03-23,Peru,total_deaths,Total Deaths,5
2020-03-23,Peru,new_deaths,NA,NA
2020-03-23,Peru,total_recovered,Total Recovered,1
2020-03-23,Peru,active_cases,Active Cases,357
2020-03-23,Peru,serious_critical,Serious Critical,5
2020-03-23,Peru,tot_cases_1m_pop,Total Cases per 1m Population,11
2020-03-23,Peru,death_rate,Death Rate,1.38
2020-03-23,Bahrain,total_cases,Total Cases,332
2020-03-23,Bahrain,new_cases,New Cases,22
2020-03-23,Bahrain,total_deaths,Total Deaths,2
2020-03-23,Bahrain,new_deaths,NA,1
2020-03-23,Bahrain,total_recovered,Total Recovered,149
2020-03-23,Bahrain,active_cases,Active Cases,181
2020-03-23,Bahrain,serious_critical,Serious Critical,4
2020-03-23,Bahrain,tot_cases_1m_pop,Total Cases per 1m Population,195
2020-03-23,Bahrain,death_rate,Death Rate,0.6
2020-03-23,Estonia,total_cases,Total Cases,326
2020-03-23,Estonia,new_cases,New Cases,20
2020-03-23,Estonia,total_deaths,Total Deaths,0
2020-03-23,Estonia,new_deaths,NA,NA
2020-03-23,Estonia,total_recovered,Total Recovered,4
2020-03-23,Estonia,active_cases,Active Cases,322
2020-03-23,Estonia,serious_critical,Serious Critical,2
2020-03-23,Estonia,tot_cases_1m_pop,Total Cases per 1m Population,246
2020-03-23,Estonia,death_rate,Death Rate,0
2020-03-23,Hong Kong,total_cases,Total Cases,317
2020-03-23,Hong Kong,new_cases,New Cases,43
2020-03-23,Hong Kong,total_deaths,Total Deaths,4
2020-03-23,Hong Kong,new_deaths,NA,NA
2020-03-23,Hong Kong,total_recovered,Total Recovered,100
2020-03-23,Hong Kong,active_cases,Active Cases,213
2020-03-23,Hong Kong,serious_critical,Serious Critical,4
2020-03-23,Hong Kong,tot_cases_1m_pop,Total Cases per 1m Population,42
2020-03-23,Hong Kong,death_rate,Death Rate,1.26
2020-03-23,Egypt,total_cases,Total Cases,294
2020-03-23,Egypt,new_cases,New Cases,NA
2020-03-23,Egypt,total_deaths,Total Deaths,10
2020-03-23,Egypt,new_deaths,NA,NA
2020-03-23,Egypt,total_recovered,Total Recovered,42
2020-03-23,Egypt,active_cases,Active Cases,242
2020-03-23,Egypt,serious_critical,Serious Critical,NA
2020-03-23,Egypt,tot_cases_1m_pop,Total Cases per 1m Population,3
2020-03-23,Egypt,death_rate,Death Rate,3.4
2020-03-23,South Africa,total_cases,Total Cases,274
2020-03-23,South Africa,new_cases,New Cases,34
2020-03-23,South Africa,total_deaths,Total Deaths,0
2020-03-23,South Africa,new_deaths,NA,NA
2020-03-23,South Africa,total_recovered,Total Recovered,2
2020-03-23,South Africa,active_cases,Active Cases,272
2020-03-23,South Africa,serious_critical,Serious Critical,NA
2020-03-23,South Africa,tot_cases_1m_pop,Total Cases per 1m Population,5
2020-03-23,South Africa,death_rate,Death Rate,0
2020-03-23,Croatia,total_cases,Total Cases,254
2020-03-23,Croatia,new_cases,New Cases,48
2020-03-23,Croatia,total_deaths,Total Deaths,1
2020-03-23,Croatia,new_deaths,NA,NA
2020-03-23,Croatia,total_recovered,Total Recovered,5
2020-03-23,Croatia,active_cases,Active Cases,248
2020-03-23,Croatia,serious_critical,Serious Critical,5
2020-03-23,Croatia,tot_cases_1m_pop,Total Cases per 1m Population,62
2020-03-23,Croatia,death_rate,Death Rate,0.39
2020-03-23,Mexico,total_cases,Total Cases,251
2020-03-23,Mexico,new_cases,New Cases,48
2020-03-23,Mexico,total_deaths,Total Deaths,2
2020-03-23,Mexico,new_deaths,NA,NA
2020-03-23,Mexico,total_recovered,Total Recovered,4
2020-03-23,Mexico,active_cases,Active Cases,245
2020-03-23,Mexico,serious_critical,Serious Critical,1
2020-03-23,Mexico,tot_cases_1m_pop,Total Cases per 1m Population,2
2020-03-23,Mexico,death_rate,Death Rate,0.8
2020-03-23,Lebanon,total_cases,Total Cases,248
2020-03-23,Lebanon,new_cases,New Cases,18
2020-03-23,Lebanon,total_deaths,Total Deaths,4
2020-03-23,Lebanon,new_deaths,NA,NA
2020-03-23,Lebanon,total_recovered,Total Recovered,8
2020-03-23,Lebanon,active_cases,Active Cases,236
2020-03-23,Lebanon,serious_critical,Serious Critical,4
2020-03-23,Lebanon,tot_cases_1m_pop,Total Cases per 1m Population,36
2020-03-23,Lebanon,death_rate,Death Rate,1.61
2020-03-23,Panama,total_cases,Total Cases,245
2020-03-23,Panama,new_cases,New Cases,NA
2020-03-23,Panama,total_deaths,Total Deaths,3
2020-03-23,Panama,new_deaths,NA,NA
2020-03-23,Panama,total_recovered,Total Recovered,1
2020-03-23,Panama,active_cases,Active Cases,241
2020-03-23,Panama,serious_critical,Serious Critical,7
2020-03-23,Panama,tot_cases_1m_pop,Total Cases per 1m Population,57
2020-03-23,Panama,death_rate,Death Rate,1.22
2020-03-23,Iraq,total_cases,Total Cases,233
2020-03-23,Iraq,new_cases,New Cases,19
2020-03-23,Iraq,total_deaths,Total Deaths,20
2020-03-23,Iraq,new_deaths,NA,3
2020-03-23,Iraq,total_recovered,Total Recovered,57
2020-03-23,Iraq,active_cases,Active Cases,156
2020-03-23,Iraq,serious_critical,Serious Critical,NA
2020-03-23,Iraq,tot_cases_1m_pop,Total Cases per 1m Population,6
2020-03-23,Iraq,death_rate,Death Rate,8.58
2020-03-23,Colombia,total_cases,Total Cases,231
2020-03-23,Colombia,new_cases,New Cases,35
2020-03-23,Colombia,total_deaths,Total Deaths,2
2020-03-23,Colombia,new_deaths,NA,2
2020-03-23,Colombia,total_recovered,Total Recovered,3
2020-03-23,Colombia,active_cases,Active Cases,226
2020-03-23,Colombia,serious_critical,Serious Critical,NA
2020-03-23,Colombia,tot_cases_1m_pop,Total Cases per 1m Population,5
2020-03-23,Colombia,death_rate,Death Rate,0.87
2020-03-23,Argentina,total_cases,Total Cases,225
2020-03-23,Argentina,new_cases,New Cases,67
2020-03-23,Argentina,total_deaths,Total Deaths,4
2020-03-23,Argentina,new_deaths,NA,NA
2020-03-23,Argentina,total_recovered,Total Recovered,27
2020-03-23,Argentina,active_cases,Active Cases,194
2020-03-23,Argentina,serious_critical,Serious Critical,NA
2020-03-23,Argentina,tot_cases_1m_pop,Total Cases per 1m Population,5
2020-03-23,Argentina,death_rate,Death Rate,1.78
2020-03-23,Serbia,total_cases,Total Cases,222
2020-03-23,Serbia,new_cases,New Cases,51
2020-03-23,Serbia,total_deaths,Total Deaths,2
2020-03-23,Serbia,new_deaths,NA,1
2020-03-23,Serbia,total_recovered,Total Recovered,2
2020-03-23,Serbia,active_cases,Active Cases,218
2020-03-23,Serbia,serious_critical,Serious Critical,4
2020-03-23,Serbia,tot_cases_1m_pop,Total Cases per 1m Population,25
2020-03-23,Serbia,death_rate,Death Rate,0.9
2020-03-23,Dominican Republic,total_cases,Total Cases,202
2020-03-23,Dominican Republic,new_cases,New Cases,90
2020-03-23,Dominican Republic,total_deaths,Total Deaths,NA
2020-03-23,Dominican Republic,new_deaths,NA,NA
2020-03-23,Dominican Republic,total_recovered,Total Recovered,NA
2020-03-23,Dominican Republic,active_cases,Active Cases,199
2020-03-23,Dominican Republic,serious_critical,Serious Critical,NA
2020-03-23,Dominican Republic,tot_cases_1m_pop,Total Cases per 1m Population,19
2020-03-23,Dominican Republic,death_rate,Death Rate,NA
2020-03-23,Algeria,total_cases,Total Cases,201
2020-03-23,Algeria,new_cases,New Cases,62
2020-03-23,Algeria,total_deaths,Total Deaths,17
2020-03-23,Algeria,new_deaths,NA,2
2020-03-23,Algeria,total_recovered,Total Recovered,65
2020-03-23,Algeria,active_cases,Active Cases,119
2020-03-23,Algeria,serious_critical,Serious Critical,NA
2020-03-23,Algeria,tot_cases_1m_pop,Total Cases per 1m Population,5
2020-03-23,Algeria,death_rate,Death Rate,8.46
2020-03-23,Armenia,total_cases,Total Cases,194
2020-03-23,Armenia,new_cases,New Cases,34
2020-03-23,Armenia,total_deaths,Total Deaths,0
2020-03-23,Armenia,new_deaths,NA,NA
2020-03-23,Armenia,total_recovered,Total Recovered,2
2020-03-23,Armenia,active_cases,Active Cases,192
2020-03-23,Armenia,serious_critical,Serious Critical,6
2020-03-23,Armenia,tot_cases_1m_pop,Total Cases per 1m Population,65
2020-03-23,Armenia,death_rate,Death Rate,0
2020-03-23,Kuwait,total_cases,Total Cases,188
2020-03-23,Kuwait,new_cases,New Cases,12
2020-03-23,Kuwait,total_deaths,Total Deaths,0
2020-03-23,Kuwait,new_deaths,NA,NA
2020-03-23,Kuwait,total_recovered,Total Recovered,30
2020-03-23,Kuwait,active_cases,Active Cases,158
2020-03-23,Kuwait,serious_critical,Serious Critical,5
2020-03-23,Kuwait,tot_cases_1m_pop,Total Cases per 1m Population,44
2020-03-23,Kuwait,death_rate,Death Rate,0
2020-03-23,Bulgaria,total_cases,Total Cases,185
2020-03-23,Bulgaria,new_cases,New Cases,22
2020-03-23,Bulgaria,total_deaths,Total Deaths,3
2020-03-23,Bulgaria,new_deaths,NA,NA
2020-03-23,Bulgaria,total_recovered,Total Recovered,3
2020-03-23,Bulgaria,active_cases,Active Cases,179
2020-03-23,Bulgaria,serious_critical,Serious Critical,3
2020-03-23,Bulgaria,tot_cases_1m_pop,Total Cases per 1m Population,27
2020-03-23,Bulgaria,death_rate,Death Rate,1.62
2020-03-23,Slovakia,total_cases,Total Cases,185
2020-03-23,Slovakia,new_cases,New Cases,7
2020-03-23,Slovakia,total_deaths,Total Deaths,0
2020-03-23,Slovakia,new_deaths,NA,NA
2020-03-23,Slovakia,total_recovered,Total Recovered,7
2020-03-23,Slovakia,active_cases,Active Cases,178
2020-03-23,Slovakia,serious_critical,Serious Critical,2
2020-03-23,Slovakia,tot_cases_1m_pop,Total Cases per 1m Population,34
2020-03-23,Slovakia,death_rate,Death Rate,0
2020-03-23,San Marino,total_cases,Total Cases,175
2020-03-23,San Marino,new_cases,New Cases,15
2020-03-23,San Marino,total_deaths,Total Deaths,20
2020-03-23,San Marino,new_deaths,NA,NA
2020-03-23,San Marino,total_recovered,Total Recovered,4
2020-03-23,San Marino,active_cases,Active Cases,151
2020-03-23,San Marino,serious_critical,Serious Critical,13
2020-03-23,San Marino,tot_cases_1m_pop,Total Cases per 1m Population,5158
2020-03-23,San Marino,death_rate,Death Rate,11.43
2020-03-23,Taiwan,total_cases,Total Cases,169
2020-03-23,Taiwan,new_cases,New Cases,16
2020-03-23,Taiwan,total_deaths,Total Deaths,2
2020-03-23,Taiwan,new_deaths,NA,NA
2020-03-23,Taiwan,total_recovered,Total Recovered,28
2020-03-23,Taiwan,active_cases,Active Cases,139
2020-03-23,Taiwan,serious_critical,Serious Critical,NA
2020-03-23,Taiwan,tot_cases_1m_pop,Total Cases per 1m Population,7
2020-03-23,Taiwan,death_rate,Death Rate,1.18
2020-03-23,UAE,total_cases,Total Cases,153
2020-03-23,UAE,new_cases,New Cases,NA
2020-03-23,UAE,total_deaths,Total Deaths,2
2020-03-23,UAE,new_deaths,NA,NA
2020-03-23,UAE,total_recovered,Total Recovered,38
2020-03-23,UAE,active_cases,Active Cases,113
2020-03-23,UAE,serious_critical,Serious Critical,2
2020-03-23,UAE,tot_cases_1m_pop,Total Cases per 1m Population,15
2020-03-23,UAE,death_rate,Death Rate,1.31
2020-03-23,Latvia,total_cases,Total Cases,139
2020-03-23,Latvia,new_cases,New Cases,15
2020-03-23,Latvia,total_deaths,Total Deaths,0
2020-03-23,Latvia,new_deaths,NA,NA
2020-03-23,Latvia,total_recovered,Total Recovered,1
2020-03-23,Latvia,active_cases,Active Cases,138
2020-03-23,Latvia,serious_critical,Serious Critical,NA
2020-03-23,Latvia,tot_cases_1m_pop,Total Cases per 1m Population,74
2020-03-23,Latvia,death_rate,Death Rate,0
2020-03-23,Uruguay,total_cases,Total Cases,135
2020-03-23,Uruguay,new_cases,New Cases,25
2020-03-23,Uruguay,total_deaths,Total Deaths,NA
2020-03-23,Uruguay,new_deaths,NA,NA
2020-03-23,Uruguay,total_recovered,Total Recovered,NA
2020-03-23,Uruguay,active_cases,Active Cases,135
2020-03-23,Uruguay,serious_critical,Serious Critical,2
2020-03-23,Uruguay,tot_cases_1m_pop,Total Cases per 1m Population,39
2020-03-23,Uruguay,death_rate,Death Rate,NA
2020-03-23,Costa Rica,total_cases,Total Cases,134
2020-03-23,Costa Rica,new_cases,New Cases,17
2020-03-23,Costa Rica,total_deaths,Total Deaths,2
2020-03-23,Costa Rica,new_deaths,NA,NA
2020-03-23,Costa Rica,total_recovered,Total Recovered,2
2020-03-23,Costa Rica,active_cases,Active Cases,130
2020-03-23,Costa Rica,serious_critical,Serious Critical,2
2020-03-23,Costa Rica,tot_cases_1m_pop,Total Cases per 1m Population,26
2020-03-23,Costa Rica,death_rate,Death Rate,1.49
2020-03-23,Hungary,total_cases,Total Cases,131
2020-03-23,Hungary,new_cases,New Cases,28
2020-03-23,Hungary,total_deaths,Total Deaths,6
2020-03-23,Hungary,new_deaths,NA,2
2020-03-23,Hungary,total_recovered,Total Recovered,16
2020-03-23,Hungary,active_cases,Active Cases,109
2020-03-23,Hungary,serious_critical,Serious Critical,6
2020-03-23,Hungary,tot_cases_1m_pop,Total Cases per 1m Population,14
2020-03-23,Hungary,death_rate,Death Rate,4.58
2020-03-23,Lithuania,total_cases,Total Cases,129
2020-03-23,Lithuania,new_cases,New Cases,30
2020-03-23,Lithuania,total_deaths,Total Deaths,1
2020-03-23,Lithuania,new_deaths,NA,NA
2020-03-23,Lithuania,total_recovered,Total Recovered,1
2020-03-23,Lithuania,active_cases,Active Cases,127
2020-03-23,Lithuania,serious_critical,Serious Critical,1
2020-03-23,Lithuania,tot_cases_1m_pop,Total Cases per 1m Population,47
2020-03-23,Lithuania,death_rate,Death Rate,0.78
2020-03-23,North Macedonia,total_cases,Total Cases,115
2020-03-23,North Macedonia,new_cases,New Cases,30
2020-03-23,North Macedonia,total_deaths,Total Deaths,1
2020-03-23,North Macedonia,new_deaths,NA,1
2020-03-23,North Macedonia,total_recovered,Total Recovered,1
2020-03-23,North Macedonia,active_cases,Active Cases,113
2020-03-23,North Macedonia,serious_critical,Serious Critical,1
2020-03-23,North Macedonia,tot_cases_1m_pop,Total Cases per 1m Population,55
2020-03-23,North Macedonia,death_rate,Death Rate,0.87
2020-03-23,Faeroe Islands,total_cases,Total Cases,115
2020-03-23,Faeroe Islands,new_cases,New Cases,23
2020-03-23,Faeroe Islands,total_deaths,Total Deaths,0
2020-03-23,Faeroe Islands,new_deaths,NA,NA
2020-03-23,Faeroe Islands,total_recovered,Total Recovered,3
2020-03-23,Faeroe Islands,active_cases,Active Cases,112
2020-03-23,Faeroe Islands,serious_critical,Serious Critical,NA
2020-03-23,Faeroe Islands,tot_cases_1m_pop,Total Cases per 1m Population,2354
2020-03-23,Faeroe Islands,death_rate,Death Rate,0
2020-03-23,Andorra,total_cases,Total Cases,113
2020-03-23,Andorra,new_cases,New Cases,25
2020-03-23,Andorra,total_deaths,Total Deaths,1
2020-03-23,Andorra,new_deaths,NA,1
2020-03-23,Andorra,total_recovered,Total Recovered,1
2020-03-23,Andorra,active_cases,Active Cases,111
2020-03-23,Andorra,serious_critical,Serious Critical,2
2020-03-23,Andorra,tot_cases_1m_pop,Total Cases per 1m Population,1462
2020-03-23,Andorra,death_rate,Death Rate,0.88
2020-03-23,Vietnam,total_cases,Total Cases,113
2020-03-23,Vietnam,new_cases,New Cases,19
2020-03-23,Vietnam,total_deaths,Total Deaths,0
2020-03-23,Vietnam,new_deaths,NA,NA
2020-03-23,Vietnam,total_recovered,Total Recovered,17
2020-03-23,Vietnam,active_cases,Active Cases,96
2020-03-23,Vietnam,serious_critical,Serious Critical,2
2020-03-23,Vietnam,tot_cases_1m_pop,Total Cases per 1m Population,1
2020-03-23,Vietnam,death_rate,Death Rate,0
2020-03-23,Jordan,total_cases,Total Cases,112
2020-03-23,Jordan,new_cases,New Cases,12
2020-03-23,Jordan,total_deaths,Total Deaths,0
2020-03-23,Jordan,new_deaths,NA,NA
2020-03-23,Jordan,total_recovered,Total Recovered,1
2020-03-23,Jordan,active_cases,Active Cases,111
2020-03-23,Jordan,serious_critical,Serious Critical,NA
2020-03-23,Jordan,tot_cases_1m_pop,Total Cases per 1m Population,11
2020-03-23,Jordan,death_rate,Death Rate,0
2020-03-23,Morocco,total_cases,Total Cases,109
2020-03-23,Morocco,new_cases,New Cases,13
2020-03-23,Morocco,total_deaths,Total Deaths,3
2020-03-23,Morocco,new_deaths,NA,NA
2020-03-23,Morocco,total_recovered,Total Recovered,3
2020-03-23,Morocco,active_cases,Active Cases,103
2020-03-23,Morocco,serious_critical,Serious Critical,1
2020-03-23,Morocco,tot_cases_1m_pop,Total Cases per 1m Population,3
2020-03-23,Morocco,death_rate,Death Rate,2.75
2020-03-23,Cyprus,total_cases,Total Cases,95
2020-03-23,Cyprus,new_cases,New Cases,11
2020-03-23,Cyprus,total_deaths,Total Deaths,1
2020-03-23,Cyprus,new_deaths,NA,NA
2020-03-23,Cyprus,total_recovered,Total Recovered,3
2020-03-23,Cyprus,active_cases,Active Cases,91
2020-03-23,Cyprus,serious_critical,Serious Critical,3
2020-03-23,Cyprus,tot_cases_1m_pop,Total Cases per 1m Population,79
2020-03-23,Cyprus,death_rate,Death Rate,1.05
2020-03-23,Bosnia and Herzegovina,total_cases,Total Cases,94
2020-03-23,Bosnia and Herzegovina,new_cases,New Cases,1
2020-03-23,Bosnia and Herzegovina,total_deaths,Total Deaths,1
2020-03-23,Bosnia and Herzegovina,new_deaths,NA,NA
2020-03-23,Bosnia and Herzegovina,total_recovered,Total Recovered,2
2020-03-23,Bosnia and Herzegovina,active_cases,Active Cases,91
2020-03-23,Bosnia and Herzegovina,serious_critical,Serious Critical,1
2020-03-23,Bosnia and Herzegovina,tot_cases_1m_pop,Total Cases per 1m Population,29
2020-03-23,Bosnia and Herzegovina,death_rate,Death Rate,1.06
2020-03-23,Moldova,total_cases,Total Cases,94
2020-03-23,Moldova,new_cases,New Cases,14
2020-03-23,Moldova,total_deaths,Total Deaths,1
2020-03-23,Moldova,new_deaths,NA,NA
2020-03-23,Moldova,total_recovered,Total Recovered,1
2020-03-23,Moldova,active_cases,Active Cases,92
2020-03-23,Moldova,serious_critical,Serious Critical,3
2020-03-23,Moldova,tot_cases_1m_pop,Total Cases per 1m Population,23
2020-03-23,Moldova,death_rate,Death Rate,1.06
2020-03-23,Malta,total_cases,Total Cases,90
2020-03-23,Malta,new_cases,New Cases,17
2020-03-23,Malta,total_deaths,Total Deaths,0
2020-03-23,Malta,new_deaths,NA,NA
2020-03-23,Malta,total_recovered,Total Recovered,2
2020-03-23,Malta,active_cases,Active Cases,88
2020-03-23,Malta,serious_critical,Serious Critical,1
2020-03-23,Malta,tot_cases_1m_pop,Total Cases per 1m Population,204
2020-03-23,Malta,death_rate,Death Rate,0
2020-03-23,Albania,total_cases,Total Cases,89
2020-03-23,Albania,new_cases,New Cases,13
2020-03-23,Albania,total_deaths,Total Deaths,2
2020-03-23,Albania,new_deaths,NA,NA
2020-03-23,Albania,total_recovered,Total Recovered,2
2020-03-23,Albania,active_cases,Active Cases,85
2020-03-23,Albania,serious_critical,Serious Critical,2
2020-03-23,Albania,tot_cases_1m_pop,Total Cases per 1m Population,31
2020-03-23,Albania,death_rate,Death Rate,2.25
2020-03-23,Brunei,total_cases,Total Cases,88
2020-03-23,Brunei,new_cases,New Cases,5
2020-03-23,Brunei,total_deaths,Total Deaths,0
2020-03-23,Brunei,new_deaths,NA,NA
2020-03-23,Brunei,total_recovered,Total Recovered,2
2020-03-23,Brunei,active_cases,Active Cases,86
2020-03-23,Brunei,serious_critical,Serious Critical,2
2020-03-23,Brunei,tot_cases_1m_pop,Total Cases per 1m Population,201
2020-03-23,Brunei,death_rate,Death Rate,0
2020-03-23,Cambodia,total_cases,Total Cases,84
2020-03-23,Cambodia,new_cases,New Cases,31
2020-03-23,Cambodia,total_deaths,Total Deaths,0
2020-03-23,Cambodia,new_deaths,NA,NA
2020-03-23,Cambodia,total_recovered,Total Recovered,2
2020-03-23,Cambodia,active_cases,Active Cases,82
2020-03-23,Cambodia,serious_critical,Serious Critical,NA
2020-03-23,Cambodia,tot_cases_1m_pop,Total Cases per 1m Population,5
2020-03-23,Cambodia,death_rate,Death Rate,0
2020-03-23,Sri Lanka,total_cases,Total Cases,82
2020-03-23,Sri Lanka,new_cases,New Cases,5
2020-03-23,Sri Lanka,total_deaths,Total Deaths,0
2020-03-23,Sri Lanka,new_deaths,NA,NA
2020-03-23,Sri Lanka,total_recovered,Total Recovered,3
2020-03-23,Sri Lanka,active_cases,Active Cases,79
2020-03-23,Sri Lanka,serious_critical,Serious Critical,2
2020-03-23,Sri Lanka,tot_cases_1m_pop,Total Cases per 1m Population,4
2020-03-23,Sri Lanka,death_rate,Death Rate,0
2020-03-23,Belarus,total_cases,Total Cases,76
2020-03-23,Belarus,new_cases,New Cases,NA
2020-03-23,Belarus,total_deaths,Total Deaths,0
2020-03-23,Belarus,new_deaths,NA,NA
2020-03-23,Belarus,total_recovered,Total Recovered,15
2020-03-23,Belarus,active_cases,Active Cases,61
2020-03-23,Belarus,serious_critical,Serious Critical,NA
2020-03-23,Belarus,tot_cases_1m_pop,Total Cases per 1m Population,8
2020-03-23,Belarus,death_rate,Death Rate,0
2020-03-23,Burkina Faso,total_cases,Total Cases,75
2020-03-23,Burkina Faso,new_cases,New Cases,11
2020-03-23,Burkina Faso,total_deaths,Total Deaths,4
2020-03-23,Burkina Faso,new_deaths,NA,1
2020-03-23,Burkina Faso,total_recovered,Total Recovered,5
2020-03-23,Burkina Faso,active_cases,Active Cases,66
2020-03-23,Burkina Faso,serious_critical,Serious Critical,NA
2020-03-23,Burkina Faso,tot_cases_1m_pop,Total Cases per 1m Population,4
2020-03-23,Burkina Faso,death_rate,Death Rate,5.33
2020-03-23,Tunisia,total_cases,Total Cases,75
2020-03-23,Tunisia,new_cases,New Cases,15
2020-03-23,Tunisia,total_deaths,Total Deaths,3
2020-03-23,Tunisia,new_deaths,NA,2
2020-03-23,Tunisia,total_recovered,Total Recovered,1
2020-03-23,Tunisia,active_cases,Active Cases,71
2020-03-23,Tunisia,serious_critical,Serious Critical,7
2020-03-23,Tunisia,tot_cases_1m_pop,Total Cases per 1m Population,6
2020-03-23,Tunisia,death_rate,Death Rate,4
2020-03-23,Venezuela,total_cases,Total Cases,70
2020-03-23,Venezuela,new_cases,New Cases,NA
2020-03-23,Venezuela,total_deaths,Total Deaths,0
2020-03-23,Venezuela,new_deaths,NA,NA
2020-03-23,Venezuela,total_recovered,Total Recovered,15
2020-03-23,Venezuela,active_cases,Active Cases,55
2020-03-23,Venezuela,serious_critical,Serious Critical,2
2020-03-23,Venezuela,tot_cases_1m_pop,Total Cases per 1m Population,2
2020-03-23,Venezuela,death_rate,Death Rate,0
2020-03-23,Senegal,total_cases,Total Cases,67
2020-03-23,Senegal,new_cases,New Cases,11
2020-03-23,Senegal,total_deaths,Total Deaths,0
2020-03-23,Senegal,new_deaths,NA,NA
2020-03-23,Senegal,total_recovered,Total Recovered,5
2020-03-23,Senegal,active_cases,Active Cases,62
2020-03-23,Senegal,serious_critical,Serious Critical,NA
2020-03-23,Senegal,tot_cases_1m_pop,Total Cases per 1m Population,4
2020-03-23,Senegal,death_rate,Death Rate,0
2020-03-23,New Zealand,total_cases,Total Cases,66
2020-03-23,New Zealand,new_cases,New Cases,14
2020-03-23,New Zealand,total_deaths,Total Deaths,NA
2020-03-23,New Zealand,new_deaths,NA,NA
2020-03-23,New Zealand,total_recovered,Total Recovered,NA
2020-03-23,New Zealand,active_cases,Active Cases,66
2020-03-23,New Zealand,serious_critical,Serious Critical,NA
2020-03-23,New Zealand,tot_cases_1m_pop,Total Cases per 1m Population,14
2020-03-23,New Zealand,death_rate,Death Rate,NA
2020-03-23,Azerbaijan,total_cases,Total Cases,65
2020-03-23,Azerbaijan,new_cases,New Cases,12
2020-03-23,Azerbaijan,total_deaths,Total Deaths,1
2020-03-23,Azerbaijan,new_deaths,NA,NA
2020-03-23,Azerbaijan,total_recovered,Total Recovered,11
2020-03-23,Azerbaijan,active_cases,Active Cases,53
2020-03-23,Azerbaijan,serious_critical,Serious Critical,NA
2020-03-23,Azerbaijan,tot_cases_1m_pop,Total Cases per 1m Population,6
2020-03-23,Azerbaijan,death_rate,Death Rate,1.54
2020-03-23,Ukraine,total_cases,Total Cases,63
2020-03-23,Ukraine,new_cases,New Cases,16
2020-03-23,Ukraine,total_deaths,Total Deaths,3
2020-03-23,Ukraine,new_deaths,NA,NA
2020-03-23,Ukraine,total_recovered,Total Recovered,1
2020-03-23,Ukraine,active_cases,Active Cases,59
2020-03-23,Ukraine,serious_critical,Serious Critical,NA
2020-03-23,Ukraine,tot_cases_1m_pop,Total Cases per 1m Population,1
2020-03-23,Ukraine,death_rate,Death Rate,4.76
2020-03-23,Kazakhstan,total_cases,Total Cases,59
2020-03-23,Kazakhstan,new_cases,New Cases,5
2020-03-23,Kazakhstan,total_deaths,Total Deaths,NA
2020-03-23,Kazakhstan,new_deaths,NA,NA
2020-03-23,Kazakhstan,total_recovered,Total Recovered,NA
2020-03-23,Kazakhstan,active_cases,Active Cases,59
2020-03-23,Kazakhstan,serious_critical,Serious Critical,NA
2020-03-23,Kazakhstan,tot_cases_1m_pop,Total Cases per 1m Population,3
2020-03-23,Kazakhstan,death_rate,Death Rate,NA
2020-03-23,Palestine,total_cases,Total Cases,59
2020-03-23,Palestine,new_cases,New Cases,6
2020-03-23,Palestine,total_deaths,Total Deaths,0
2020-03-23,Palestine,new_deaths,NA,NA
2020-03-23,Palestine,total_recovered,Total Recovered,17
2020-03-23,Palestine,active_cases,Active Cases,42
2020-03-23,Palestine,serious_critical,Serious Critical,NA
2020-03-23,Palestine,tot_cases_1m_pop,Total Cases per 1m Population,12
2020-03-23,Palestine,death_rate,Death Rate,0
2020-03-23,Guadeloupe,total_cases,Total Cases,56
2020-03-23,Guadeloupe,new_cases,New Cases,NA
2020-03-23,Guadeloupe,total_deaths,Total Deaths,NA
2020-03-23,Guadeloupe,new_deaths,NA,NA
2020-03-23,Guadeloupe,total_recovered,Total Recovered,NA
2020-03-23,Guadeloupe,active_cases,Active Cases,55
2020-03-23,Guadeloupe,serious_critical,Serious Critical,4
2020-03-23,Guadeloupe,tot_cases_1m_pop,Total Cases per 1m Population,140
2020-03-23,Guadeloupe,death_rate,Death Rate,NA
2020-03-23,Oman,total_cases,Total Cases,55
2020-03-23,Oman,new_cases,New Cases,3
2020-03-23,Oman,total_deaths,Total Deaths,0
2020-03-23,Oman,new_deaths,NA,NA
2020-03-23,Oman,total_recovered,Total Recovered,17
2020-03-23,Oman,active_cases,Active Cases,38
2020-03-23,Oman,serious_critical,Serious Critical,NA
2020-03-23,Oman,tot_cases_1m_pop,Total Cases per 1m Population,11
2020-03-23,Oman,death_rate,Death Rate,0
2020-03-23,Georgia,total_cases,Total Cases,54
2020-03-23,Georgia,new_cases,New Cases,5
2020-03-23,Georgia,total_deaths,Total Deaths,0
2020-03-23,Georgia,new_deaths,NA,NA
2020-03-23,Georgia,total_recovered,Total Recovered,1
2020-03-23,Georgia,active_cases,Active Cases,53
2020-03-23,Georgia,serious_critical,Serious Critical,1
2020-03-23,Georgia,tot_cases_1m_pop,Total Cases per 1m Population,14
2020-03-23,Georgia,death_rate,Death Rate,0
2020-03-23,Trinidad and Tobago,total_cases,Total Cases,50
2020-03-23,Trinidad and Tobago,new_cases,New Cases,1
2020-03-23,Trinidad and Tobago,total_deaths,Total Deaths,NA
2020-03-23,Trinidad and Tobago,new_deaths,NA,NA
2020-03-23,Trinidad and Tobago,total_recovered,Total Recovered,NA
2020-03-23,Trinidad and Tobago,active_cases,Active Cases,50
2020-03-23,Trinidad and Tobago,serious_critical,Serious Critical,NA
2020-03-23,Trinidad and Tobago,tot_cases_1m_pop,Total Cases per 1m Population,36
2020-03-23,Trinidad and Tobago,death_rate,Death Rate,NA
2020-03-23,Réunion,total_cases,Total Cases,47
2020-03-23,Réunion,new_cases,New Cases,NA
2020-03-23,Réunion,total_deaths,Total Deaths,0
2020-03-23,Réunion,new_deaths,NA,NA
2020-03-23,Réunion,total_recovered,Total Recovered,1
2020-03-23,Réunion,active_cases,Active Cases,46
2020-03-23,Réunion,serious_critical,Serious Critical,NA
2020-03-23,Réunion,tot_cases_1m_pop,Total Cases per 1m Population,52
2020-03-23,Réunion,death_rate,Death Rate,0
2020-03-23,Uzbekistan,total_cases,Total Cases,43
2020-03-23,Uzbekistan,new_cases,New Cases,2
2020-03-23,Uzbekistan,total_deaths,Total Deaths,NA
2020-03-23,Uzbekistan,new_deaths,NA,NA
2020-03-23,Uzbekistan,total_recovered,Total Recovered,NA
2020-03-23,Uzbekistan,active_cases,Active Cases,43
2020-03-23,Uzbekistan,serious_critical,Serious Critical,NA
2020-03-23,Uzbekistan,tot_cases_1m_pop,Total Cases per 1m Population,1
2020-03-23,Uzbekistan,death_rate,Death Rate,NA
2020-03-23,Afghanistan,total_cases,Total Cases,40
2020-03-23,Afghanistan,new_cases,New Cases,16
2020-03-23,Afghanistan,total_deaths,Total Deaths,1
2020-03-23,Afghanistan,new_deaths,NA,1
2020-03-23,Afghanistan,total_recovered,Total Recovered,1
2020-03-23,Afghanistan,active_cases,Active Cases,38
2020-03-23,Afghanistan,serious_critical,Serious Critical,NA
2020-03-23,Afghanistan,tot_cases_1m_pop,Total Cases per 1m Population,1
2020-03-23,Afghanistan,death_rate,Death Rate,2.5
2020-03-23,Cameroon,total_cases,Total Cases,40
2020-03-23,Cameroon,new_cases,New Cases,NA
2020-03-23,Cameroon,total_deaths,Total Deaths,0
2020-03-23,Cameroon,new_deaths,NA,NA
2020-03-23,Cameroon,total_recovered,Total Recovered,2
2020-03-23,Cameroon,active_cases,Active Cases,38
2020-03-23,Cameroon,serious_critical,Serious Critical,NA
2020-03-23,Cameroon,tot_cases_1m_pop,Total Cases per 1m Population,2
2020-03-23,Cameroon,death_rate,Death Rate,0
2020-03-23,Martinique,total_cases,Total Cases,37
2020-03-23,Martinique,new_cases,New Cases,NA
2020-03-23,Martinique,total_deaths,Total Deaths,NA
2020-03-23,Martinique,new_deaths,NA,NA
2020-03-23,Martinique,total_recovered,Total Recovered,NA
2020-03-23,Martinique,active_cases,Active Cases,36
2020-03-23,Martinique,serious_critical,Serious Critical,7
2020-03-23,Martinique,tot_cases_1m_pop,Total Cases per 1m Population,99
2020-03-23,Martinique,death_rate,Death Rate,NA
2020-03-23,Liechtenstein,total_cases,Total Cases,37
2020-03-23,Liechtenstein,new_cases,New Cases,NA
2020-03-23,Liechtenstein,total_deaths,Total Deaths,NA
2020-03-23,Liechtenstein,new_deaths,NA,NA
2020-03-23,Liechtenstein,total_recovered,Total Recovered,NA
2020-03-23,Liechtenstein,active_cases,Active Cases,37
2020-03-23,Liechtenstein,serious_critical,Serious Critical,NA
2020-03-23,Liechtenstein,tot_cases_1m_pop,Total Cases per 1m Population,970
2020-03-23,Liechtenstein,death_rate,Death Rate,NA
2020-03-23,Cuba,total_cases,Total Cases,35
2020-03-23,Cuba,new_cases,New Cases,14
2020-03-23,Cuba,total_deaths,Total Deaths,NA
2020-03-23,Cuba,new_deaths,NA,NA
2020-03-23,Cuba,total_recovered,Total Recovered,NA
2020-03-23,Cuba,active_cases,Active Cases,34
2020-03-23,Cuba,serious_critical,Serious Critical,NA
2020-03-23,Cuba,tot_cases_1m_pop,Total Cases per 1m Population,3
2020-03-23,Cuba,death_rate,Death Rate,NA
2020-03-23,Channel Islands,total_cases,Total Cases,32
2020-03-23,Channel Islands,new_cases,New Cases,NA
2020-03-23,Channel Islands,total_deaths,Total Deaths,NA
2020-03-23,Channel Islands,new_deaths,NA,NA
2020-03-23,Channel Islands,total_recovered,Total Recovered,NA
2020-03-23,Channel Islands,active_cases,Active Cases,32
2020-03-23,Channel Islands,serious_critical,Serious Critical,NA
2020-03-23,Channel Islands,tot_cases_1m_pop,Total Cases per 1m Population,184
2020-03-23,Channel Islands,death_rate,Death Rate,NA
2020-03-23,DRC,total_cases,Total Cases,30
2020-03-23,DRC,new_cases,New Cases,7
2020-03-23,DRC,total_deaths,Total Deaths,NA
2020-03-23,DRC,new_deaths,NA,NA
2020-03-23,DRC,total_recovered,Total Recovered,NA
2020-03-23,DRC,active_cases,Active Cases,29
2020-03-23,DRC,serious_critical,Serious Critical,NA
2020-03-23,DRC,tot_cases_1m_pop,Total Cases per 1m Population,0.3
2020-03-23,DRC,death_rate,Death Rate,NA
2020-03-23,Nigeria,total_cases,Total Cases,30
2020-03-23,Nigeria,new_cases,New Cases,8
2020-03-23,Nigeria,total_deaths,Total Deaths,0
2020-03-23,Nigeria,new_deaths,NA,NA
2020-03-23,Nigeria,total_recovered,Total Recovered,2
2020-03-23,Nigeria,active_cases,Active Cases,28
2020-03-23,Nigeria,serious_critical,Serious Critical,NA
2020-03-23,Nigeria,tot_cases_1m_pop,Total Cases per 1m Population,0.1
2020-03-23,Nigeria,death_rate,Death Rate,0
2020-03-23,Bangladesh,total_cases,Total Cases,27
2020-03-23,Bangladesh,new_cases,New Cases,3
2020-03-23,Bangladesh,total_deaths,Total Deaths,2
2020-03-23,Bangladesh,new_deaths,NA,NA
2020-03-23,Bangladesh,total_recovered,Total Recovered,3
2020-03-23,Bangladesh,active_cases,Active Cases,22
2020-03-23,Bangladesh,serious_critical,Serious Critical,NA
2020-03-23,Bangladesh,tot_cases_1m_pop,Total Cases per 1m Population,0.2
2020-03-23,Bangladesh,death_rate,Death Rate,7.41
2020-03-23,Guam,total_cases,Total Cases,27
2020-03-23,Guam,new_cases,New Cases,12
2020-03-23,Guam,total_deaths,Total Deaths,NA
2020-03-23,Guam,new_deaths,NA,1
2020-03-23,Guam,total_recovered,Total Recovered,NA
2020-03-23,Guam,active_cases,Active Cases,26
2020-03-23,Guam,serious_critical,Serious Critical,NA
2020-03-23,Guam,tot_cases_1m_pop,Total Cases per 1m Population,160
2020-03-23,Guam,death_rate,Death Rate,NA
2020-03-23,Honduras,total_cases,Total Cases,26
2020-03-23,Honduras,new_cases,New Cases,2
2020-03-23,Honduras,total_deaths,Total Deaths,NA
2020-03-23,Honduras,new_deaths,NA,NA
2020-03-23,Honduras,total_recovered,Total Recovered,NA
2020-03-23,Honduras,active_cases,Active Cases,26
2020-03-23,Honduras,serious_critical,Serious Critical,NA
2020-03-23,Honduras,tot_cases_1m_pop,Total Cases per 1m Population,3
2020-03-23,Honduras,death_rate,Death Rate,NA
2020-03-23,Mauritius,total_cases,Total Cases,24
2020-03-23,Mauritius,new_cases,New Cases,10
2020-03-23,Mauritius,total_deaths,Total Deaths,NA
2020-03-23,Mauritius,new_deaths,NA,1
2020-03-23,Mauritius,total_recovered,Total Recovered,NA
2020-03-23,Mauritius,active_cases,Active Cases,22
2020-03-23,Mauritius,serious_critical,Serious Critical,1
2020-03-23,Mauritius,tot_cases_1m_pop,Total Cases per 1m Population,19
2020-03-23,Mauritius,death_rate,Death Rate,NA
2020-03-23,Bolivia,total_cases,Total Cases,24
2020-03-23,Bolivia,new_cases,New Cases,5
2020-03-23,Bolivia,total_deaths,Total Deaths,NA
2020-03-23,Bolivia,new_deaths,NA,NA
2020-03-23,Bolivia,total_recovered,Total Recovered,NA
2020-03-23,Bolivia,active_cases,Active Cases,24
2020-03-23,Bolivia,serious_critical,Serious Critical,NA
2020-03-23,Bolivia,tot_cases_1m_pop,Total Cases per 1m Population,2
2020-03-23,Bolivia,death_rate,Death Rate,NA
2020-03-23,Puerto Rico,total_cases,Total Cases,23
2020-03-23,Puerto Rico,new_cases,New Cases,2
2020-03-23,Puerto Rico,total_deaths,Total Deaths,NA
2020-03-23,Puerto Rico,new_deaths,NA,NA
2020-03-23,Puerto Rico,total_recovered,Total Recovered,NA
2020-03-23,Puerto Rico,active_cases,Active Cases,22
2020-03-23,Puerto Rico,serious_critical,Serious Critical,NA
2020-03-23,Puerto Rico,tot_cases_1m_pop,Total Cases per 1m Population,8
2020-03-23,Puerto Rico,death_rate,Death Rate,NA
2020-03-23,Monaco,total_cases,Total Cases,23
2020-03-23,Monaco,new_cases,New Cases,5
2020-03-23,Monaco,total_deaths,Total Deaths,0
2020-03-23,Monaco,new_deaths,NA,NA
2020-03-23,Monaco,total_recovered,Total Recovered,1
2020-03-23,Monaco,active_cases,Active Cases,22
2020-03-23,Monaco,serious_critical,Serious Critical,NA
2020-03-23,Monaco,tot_cases_1m_pop,Total Cases per 1m Population,586
2020-03-23,Monaco,death_rate,Death Rate,0
2020-03-23,Paraguay,total_cases,Total Cases,22
2020-03-23,Paraguay,new_cases,New Cases,NA
2020-03-23,Paraguay,total_deaths,Total Deaths,NA
2020-03-23,Paraguay,new_deaths,NA,NA
2020-03-23,Paraguay,total_recovered,Total Recovered,NA
2020-03-23,Paraguay,active_cases,Active Cases,21
2020-03-23,Paraguay,serious_critical,Serious Critical,1
2020-03-23,Paraguay,tot_cases_1m_pop,Total Cases per 1m Population,3
2020-03-23,Paraguay,death_rate,Death Rate,NA
2020-03-23,Macao,total_cases,Total Cases,22
2020-03-23,Macao,new_cases,New Cases,3
2020-03-23,Macao,total_deaths,Total Deaths,0
2020-03-23,Macao,new_deaths,NA,NA
2020-03-23,Macao,total_recovered,Total Recovered,10
2020-03-23,Macao,active_cases,Active Cases,12
2020-03-23,Macao,serious_critical,Serious Critical,NA
2020-03-23,Macao,tot_cases_1m_pop,Total Cases per 1m Population,34
2020-03-23,Macao,death_rate,Death Rate,0
2020-03-23,Ghana,total_cases,Total Cases,21
2020-03-23,Ghana,new_cases,New Cases,NA
2020-03-23,Ghana,total_deaths,Total Deaths,NA
2020-03-23,Ghana,new_deaths,NA,NA
2020-03-23,Ghana,total_recovered,Total Recovered,NA
2020-03-23,Ghana,active_cases,Active Cases,20
2020-03-23,Ghana,serious_critical,Serious Critical,NA
2020-03-23,Ghana,tot_cases_1m_pop,Total Cases per 1m Population,0.7
2020-03-23,Ghana,death_rate,Death Rate,NA
2020-03-23,Montenegro,total_cases,Total Cases,21
2020-03-23,Montenegro,new_cases,New Cases,5
2020-03-23,Montenegro,total_deaths,Total Deaths,NA
2020-03-23,Montenegro,new_deaths,NA,NA
2020-03-23,Montenegro,total_recovered,Total Recovered,NA
2020-03-23,Montenegro,active_cases,Active Cases,21
2020-03-23,Montenegro,serious_critical,Serious Critical,NA
2020-03-23,Montenegro,tot_cases_1m_pop,Total Cases per 1m Population,33
2020-03-23,Montenegro,death_rate,Death Rate,NA
2020-03-23,Jamaica,total_cases,Total Cases,19
2020-03-23,Jamaica,new_cases,New Cases,NA
2020-03-23,Jamaica,total_deaths,Total Deaths,1
2020-03-23,Jamaica,new_deaths,NA,NA
2020-03-23,Jamaica,total_recovered,Total Recovered,2
2020-03-23,Jamaica,active_cases,Active Cases,16
2020-03-23,Jamaica,serious_critical,Serious Critical,NA
2020-03-23,Jamaica,tot_cases_1m_pop,Total Cases per 1m Population,6
2020-03-23,Jamaica,death_rate,Death Rate,5.26
2020-03-23,Guyana,total_cases,Total Cases,18
2020-03-23,Guyana,new_cases,New Cases,NA
2020-03-23,Guyana,total_deaths,Total Deaths,NA
2020-03-23,Guyana,new_deaths,NA,NA
2020-03-23,Guyana,total_recovered,Total Recovered,NA
2020-03-23,Guyana,active_cases,Active Cases,17
2020-03-23,Guyana,serious_critical,Serious Critical,NA
2020-03-23,Guyana,tot_cases_1m_pop,Total Cases per 1m Population,23
2020-03-23,Guyana,death_rate,Death Rate,NA
2020-03-23,French Guiana,total_cases,Total Cases,18
2020-03-23,French Guiana,new_cases,New Cases,NA
2020-03-23,French Guiana,total_deaths,Total Deaths,NA
2020-03-23,French Guiana,new_deaths,NA,NA
2020-03-23,French Guiana,total_recovered,Total Recovered,NA
2020-03-23,French Guiana,active_cases,Active Cases,18
2020-03-23,French Guiana,serious_critical,Serious Critical,NA
2020-03-23,French Guiana,tot_cases_1m_pop,Total Cases per 1m Population,60
2020-03-23,French Guiana,death_rate,Death Rate,NA
2020-03-23,Guatemala,total_cases,Total Cases,17
2020-03-23,Guatemala,new_cases,New Cases,NA
2020-03-23,Guatemala,total_deaths,Total Deaths,NA
2020-03-23,Guatemala,new_deaths,NA,NA
2020-03-23,Guatemala,total_recovered,Total Recovered,NA
2020-03-23,Guatemala,active_cases,Active Cases,16
2020-03-23,Guatemala,serious_critical,Serious Critical,NA
2020-03-23,Guatemala,tot_cases_1m_pop,Total Cases per 1m Population,0.9
2020-03-23,Guatemala,death_rate,Death Rate,NA
2020-03-23,Rwanda,total_cases,Total Cases,17
2020-03-23,Rwanda,new_cases,New Cases,NA
2020-03-23,Rwanda,total_deaths,Total Deaths,NA
2020-03-23,Rwanda,new_deaths,NA,NA
2020-03-23,Rwanda,total_recovered,Total Recovered,NA
2020-03-23,Rwanda,active_cases,Active Cases,17
2020-03-23,Rwanda,serious_critical,Serious Critical,NA
2020-03-23,Rwanda,tot_cases_1m_pop,Total Cases per 1m Population,1
2020-03-23,Rwanda,death_rate,Death Rate,NA
2020-03-23,Togo,total_cases,Total Cases,16
2020-03-23,Togo,new_cases,New Cases,NA
2020-03-23,Togo,total_deaths,Total Deaths,NA
2020-03-23,Togo,new_deaths,NA,NA
2020-03-23,Togo,total_recovered,Total Recovered,NA
2020-03-23,Togo,active_cases,Active Cases,16
2020-03-23,Togo,serious_critical,Serious Critical,NA
2020-03-23,Togo,tot_cases_1m_pop,Total Cases per 1m Population,2
2020-03-23,Togo,death_rate,Death Rate,NA
2020-03-23,French Polynesia,total_cases,Total Cases,15
2020-03-23,French Polynesia,new_cases,New Cases,NA
2020-03-23,French Polynesia,total_deaths,Total Deaths,NA
2020-03-23,French Polynesia,new_deaths,NA,NA
2020-03-23,French Polynesia,total_recovered,Total Recovered,NA
2020-03-23,French Polynesia,active_cases,Active Cases,15
2020-03-23,French Polynesia,serious_critical,Serious Critical,NA
2020-03-23,French Polynesia,tot_cases_1m_pop,Total Cases per 1m Population,53
2020-03-23,French Polynesia,death_rate,Death Rate,NA
2020-03-23,Gibraltar,total_cases,Total Cases,15
2020-03-23,Gibraltar,new_cases,New Cases,5
2020-03-23,Gibraltar,total_deaths,Total Deaths,0
2020-03-23,Gibraltar,new_deaths,NA,NA
2020-03-23,Gibraltar,total_recovered,Total Recovered,2
2020-03-23,Gibraltar,active_cases,Active Cases,13
2020-03-23,Gibraltar,serious_critical,Serious Critical,NA
2020-03-23,Gibraltar,tot_cases_1m_pop,Total Cases per 1m Population,445
2020-03-23,Gibraltar,death_rate,Death Rate,0
2020-03-23,Kenya,total_cases,Total Cases,15
2020-03-23,Kenya,new_cases,New Cases,8
2020-03-23,Kenya,total_deaths,Total Deaths,NA
2020-03-23,Kenya,new_deaths,NA,NA
2020-03-23,Kenya,total_recovered,Total Recovered,NA
2020-03-23,Kenya,active_cases,Active Cases,15
2020-03-23,Kenya,serious_critical,Serious Critical,NA
2020-03-23,Kenya,tot_cases_1m_pop,Total Cases per 1m Population,0.3
2020-03-23,Kenya,death_rate,Death Rate,NA
2020-03-23,Barbados,total_cases,Total Cases,14
2020-03-23,Barbados,new_cases,New Cases,NA
2020-03-23,Barbados,total_deaths,Total Deaths,NA
2020-03-23,Barbados,new_deaths,NA,NA
2020-03-23,Barbados,total_recovered,Total Recovered,NA
2020-03-23,Barbados,active_cases,Active Cases,14
2020-03-23,Barbados,serious_critical,Serious Critical,NA
2020-03-23,Barbados,tot_cases_1m_pop,Total Cases per 1m Population,49
2020-03-23,Barbados,death_rate,Death Rate,NA
2020-03-23,Ivory Coast,total_cases,Total Cases,14
2020-03-23,Ivory Coast,new_cases,New Cases,NA
2020-03-23,Ivory Coast,total_deaths,Total Deaths,0
2020-03-23,Ivory Coast,new_deaths,NA,NA
2020-03-23,Ivory Coast,total_recovered,Total Recovered,1
2020-03-23,Ivory Coast,active_cases,Active Cases,13
2020-03-23,Ivory Coast,serious_critical,Serious Critical,NA
2020-03-23,Ivory Coast,tot_cases_1m_pop,Total Cases per 1m Population,0.5
2020-03-23,Ivory Coast,death_rate,Death Rate,0
2020-03-23,Kyrgyzstan,total_cases,Total Cases,14
2020-03-23,Kyrgyzstan,new_cases,New Cases,NA
2020-03-23,Kyrgyzstan,total_deaths,Total Deaths,NA
2020-03-23,Kyrgyzstan,new_deaths,NA,NA
2020-03-23,Kyrgyzstan,total_recovered,Total Recovered,NA
2020-03-23,Kyrgyzstan,active_cases,Active Cases,14
2020-03-23,Kyrgyzstan,serious_critical,Serious Critical,NA
2020-03-23,Kyrgyzstan,tot_cases_1m_pop,Total Cases per 1m Population,2
2020-03-23,Kyrgyzstan,death_rate,Death Rate,NA
2020-03-23,Maldives,total_cases,Total Cases,13
2020-03-23,Maldives,new_cases,New Cases,NA
2020-03-23,Maldives,total_deaths,Total Deaths,0
2020-03-23,Maldives,new_deaths,NA,NA
2020-03-23,Maldives,total_recovered,Total Recovered,3
2020-03-23,Maldives,active_cases,Active Cases,10
2020-03-23,Maldives,serious_critical,Serious Critical,NA
2020-03-23,Maldives,tot_cases_1m_pop,Total Cases per 1m Population,24
2020-03-23,Maldives,death_rate,Death Rate,0
2020-03-23,Tanzania,total_cases,Total Cases,12
2020-03-23,Tanzania,new_cases,New Cases,6
2020-03-23,Tanzania,total_deaths,Total Deaths,NA
2020-03-23,Tanzania,new_deaths,NA,NA
2020-03-23,Tanzania,total_recovered,Total Recovered,NA
2020-03-23,Tanzania,active_cases,Active Cases,12
2020-03-23,Tanzania,serious_critical,Serious Critical,NA
2020-03-23,Tanzania,tot_cases_1m_pop,Total Cases per 1m Population,0.2
2020-03-23,Tanzania,death_rate,Death Rate,NA
2020-03-23,Ethiopia,total_cases,Total Cases,11
2020-03-23,Ethiopia,new_cases,New Cases,2
2020-03-23,Ethiopia,total_deaths,Total Deaths,NA
2020-03-23,Ethiopia,new_deaths,NA,NA
2020-03-23,Ethiopia,total_recovered,Total Recovered,NA
2020-03-23,Ethiopia,active_cases,Active Cases,11
2020-03-23,Ethiopia,serious_critical,Serious Critical,NA
2020-03-23,Ethiopia,tot_cases_1m_pop,Total Cases per 1m Population,0.1
2020-03-23,Ethiopia,death_rate,Death Rate,NA
2020-03-23,Mayotte,total_cases,Total Cases,11
2020-03-23,Mayotte,new_cases,New Cases,NA
2020-03-23,Mayotte,total_deaths,Total Deaths,NA
2020-03-23,Mayotte,new_deaths,NA,NA
2020-03-23,Mayotte,total_recovered,Total Recovered,NA
2020-03-23,Mayotte,active_cases,Active Cases,11
2020-03-23,Mayotte,serious_critical,Serious Critical,NA
2020-03-23,Mayotte,tot_cases_1m_pop,Total Cases per 1m Population,40
2020-03-23,Mayotte,death_rate,Death Rate,NA
2020-03-23,Mongolia,total_cases,Total Cases,10
2020-03-23,Mongolia,new_cases,New Cases,NA
2020-03-23,Mongolia,total_deaths,Total Deaths,NA
2020-03-23,Mongolia,new_deaths,NA,NA
2020-03-23,Mongolia,total_recovered,Total Recovered,NA
2020-03-23,Mongolia,active_cases,Active Cases,10
2020-03-23,Mongolia,serious_critical,Serious Critical,NA
2020-03-23,Mongolia,tot_cases_1m_pop,Total Cases per 1m Population,3
2020-03-23,Mongolia,death_rate,Death Rate,NA
2020-03-23,Aruba,total_cases,Total Cases,8
2020-03-23,Aruba,new_cases,New Cases,3
2020-03-23,Aruba,total_deaths,Total Deaths,0
2020-03-23,Aruba,new_deaths,NA,NA
2020-03-23,Aruba,total_recovered,Total Recovered,1
2020-03-23,Aruba,active_cases,Active Cases,7
2020-03-23,Aruba,serious_critical,Serious Critical,NA
2020-03-23,Aruba,tot_cases_1m_pop,Total Cases per 1m Population,75
2020-03-23,Aruba,death_rate,Death Rate,0
2020-03-23,Seychelles,total_cases,Total Cases,7
2020-03-23,Seychelles,new_cases,New Cases,NA
2020-03-23,Seychelles,total_deaths,Total Deaths,NA
2020-03-23,Seychelles,new_deaths,NA,NA
2020-03-23,Seychelles,total_recovered,Total Recovered,NA
2020-03-23,Seychelles,active_cases,Active Cases,7
2020-03-23,Seychelles,serious_critical,Serious Critical,NA
2020-03-23,Seychelles,tot_cases_1m_pop,Total Cases per 1m Population,71
2020-03-23,Seychelles,death_rate,Death Rate,NA
2020-03-23,Equatorial Guinea,total_cases,Total Cases,6
2020-03-23,Equatorial Guinea,new_cases,New Cases,NA
2020-03-23,Equatorial Guinea,total_deaths,Total Deaths,NA
2020-03-23,Equatorial Guinea,new_deaths,NA,NA
2020-03-23,Equatorial Guinea,total_recovered,Total Recovered,NA
2020-03-23,Equatorial Guinea,active_cases,Active Cases,6
2020-03-23,Equatorial Guinea,serious_critical,Serious Critical,NA
2020-03-23,Equatorial Guinea,tot_cases_1m_pop,Total Cases per 1m Population,4
2020-03-23,Equatorial Guinea,death_rate,Death Rate,NA
2020-03-23,U.S. Virgin Islands,total_cases,Total Cases,6
2020-03-23,U.S. Virgin Islands,new_cases,New Cases,NA
2020-03-23,U.S. Virgin Islands,total_deaths,Total Deaths,NA
2020-03-23,U.S. Virgin Islands,new_deaths,NA,NA
2020-03-23,U.S. Virgin Islands,total_recovered,Total Recovered,NA
2020-03-23,U.S. Virgin Islands,active_cases,Active Cases,6
2020-03-23,U.S. Virgin Islands,serious_critical,Serious Critical,NA
2020-03-23,U.S. Virgin Islands,tot_cases_1m_pop,Total Cases per 1m Population,57
2020-03-23,U.S. Virgin Islands,death_rate,Death Rate,NA
2020-03-23,Gabon,total_cases,Total Cases,5
2020-03-23,Gabon,new_cases,New Cases,NA
2020-03-23,Gabon,total_deaths,Total Deaths,NA
2020-03-23,Gabon,new_deaths,NA,NA
2020-03-23,Gabon,total_recovered,Total Recovered,NA
2020-03-23,Gabon,active_cases,Active Cases,4
2020-03-23,Gabon,serious_critical,Serious Critical,NA
2020-03-23,Gabon,tot_cases_1m_pop,Total Cases per 1m Population,2
2020-03-23,Gabon,death_rate,Death Rate,NA
2020-03-23,Isle of Man,total_cases,Total Cases,5
2020-03-23,Isle of Man,new_cases,New Cases,3
2020-03-23,Isle of Man,total_deaths,Total Deaths,NA
2020-03-23,Isle of Man,new_deaths,NA,NA
2020-03-23,Isle of Man,total_recovered,Total Recovered,NA
2020-03-23,Isle of Man,active_cases,Active Cases,5
2020-03-23,Isle of Man,serious_critical,Serious Critical,NA
2020-03-23,Isle of Man,tot_cases_1m_pop,Total Cases per 1m Population,59
2020-03-23,Isle of Man,death_rate,Death Rate,NA
2020-03-23,Saint Martin,total_cases,Total Cases,5
2020-03-23,Saint Martin,new_cases,New Cases,NA
2020-03-23,Saint Martin,total_deaths,Total Deaths,NA
2020-03-23,Saint Martin,new_deaths,NA,NA
2020-03-23,Saint Martin,total_recovered,Total Recovered,NA
2020-03-23,Saint Martin,active_cases,Active Cases,5
2020-03-23,Saint Martin,serious_critical,Serious Critical,NA
2020-03-23,Saint Martin,tot_cases_1m_pop,Total Cases per 1m Population,129
2020-03-23,Saint Martin,death_rate,Death Rate,NA
2020-03-23,Suriname,total_cases,Total Cases,5
2020-03-23,Suriname,new_cases,New Cases,NA
2020-03-23,Suriname,total_deaths,Total Deaths,NA
2020-03-23,Suriname,new_deaths,NA,NA
2020-03-23,Suriname,total_recovered,Total Recovered,NA
2020-03-23,Suriname,active_cases,Active Cases,5
2020-03-23,Suriname,serious_critical,Serious Critical,NA
2020-03-23,Suriname,tot_cases_1m_pop,Total Cases per 1m Population,9
2020-03-23,Suriname,death_rate,Death Rate,NA
2020-03-23,Bahamas,total_cases,Total Cases,4
2020-03-23,Bahamas,new_cases,New Cases,NA
2020-03-23,Bahamas,total_deaths,Total Deaths,NA
2020-03-23,Bahamas,new_deaths,NA,NA
2020-03-23,Bahamas,total_recovered,Total Recovered,NA
2020-03-23,Bahamas,active_cases,Active Cases,4
2020-03-23,Bahamas,serious_critical,Serious Critical,NA
2020-03-23,Bahamas,tot_cases_1m_pop,Total Cases per 1m Population,10
2020-03-23,Bahamas,death_rate,Death Rate,NA
2020-03-23,New Caledonia,total_cases,Total Cases,4
2020-03-23,New Caledonia,new_cases,New Cases,NA
2020-03-23,New Caledonia,total_deaths,Total Deaths,NA
2020-03-23,New Caledonia,new_deaths,NA,NA
2020-03-23,New Caledonia,total_recovered,Total Recovered,NA
2020-03-23,New Caledonia,active_cases,Active Cases,4
2020-03-23,New Caledonia,serious_critical,Serious Critical,NA
2020-03-23,New Caledonia,tot_cases_1m_pop,Total Cases per 1m Population,14
2020-03-23,New Caledonia,death_rate,Death Rate,NA
2020-03-23,Eswatini,total_cases,Total Cases,4
2020-03-23,Eswatini,new_cases,New Cases,3
2020-03-23,Eswatini,total_deaths,Total Deaths,NA
2020-03-23,Eswatini,new_deaths,NA,NA
2020-03-23,Eswatini,total_recovered,Total Recovered,NA
2020-03-23,Eswatini,active_cases,Active Cases,4
2020-03-23,Eswatini,serious_critical,Serious Critical,NA
2020-03-23,Eswatini,tot_cases_1m_pop,Total Cases per 1m Population,3
2020-03-23,Eswatini,death_rate,Death Rate,NA
2020-03-23,Cayman Islands,total_cases,Total Cases,3
2020-03-23,Cayman Islands,new_cases,New Cases,NA
2020-03-23,Cayman Islands,total_deaths,Total Deaths,NA
2020-03-23,Cayman Islands,new_deaths,NA,NA
2020-03-23,Cayman Islands,total_recovered,Total Recovered,NA
2020-03-23,Cayman Islands,active_cases,Active Cases,2
2020-03-23,Cayman Islands,serious_critical,Serious Critical,NA
2020-03-23,Cayman Islands,tot_cases_1m_pop,Total Cases per 1m Population,46
2020-03-23,Cayman Islands,death_rate,Death Rate,NA
2020-03-23,Curaçao,total_cases,Total Cases,3
2020-03-23,Curaçao,new_cases,New Cases,NA
2020-03-23,Curaçao,total_deaths,Total Deaths,NA
2020-03-23,Curaçao,new_deaths,NA,NA
2020-03-23,Curaçao,total_recovered,Total Recovered,NA
2020-03-23,Curaçao,active_cases,Active Cases,2
2020-03-23,Curaçao,serious_critical,Serious Critical,NA
2020-03-23,Curaçao,tot_cases_1m_pop,Total Cases per 1m Population,18
2020-03-23,Curaçao,death_rate,Death Rate,NA
2020-03-23,Cabo Verde,total_cases,Total Cases,3
2020-03-23,Cabo Verde,new_cases,New Cases,NA
2020-03-23,Cabo Verde,total_deaths,Total Deaths,NA
2020-03-23,Cabo Verde,new_deaths,NA,NA
2020-03-23,Cabo Verde,total_recovered,Total Recovered,NA
2020-03-23,Cabo Verde,active_cases,Active Cases,3
2020-03-23,Cabo Verde,serious_critical,Serious Critical,NA
2020-03-23,Cabo Verde,tot_cases_1m_pop,Total Cases per 1m Population,5
2020-03-23,Cabo Verde,death_rate,Death Rate,NA
2020-03-23,CAR,total_cases,Total Cases,3
2020-03-23,CAR,new_cases,New Cases,NA
2020-03-23,CAR,total_deaths,Total Deaths,NA
2020-03-23,CAR,new_deaths,NA,NA
2020-03-23,CAR,total_recovered,Total Recovered,NA
2020-03-23,CAR,active_cases,Active Cases,3
2020-03-23,CAR,serious_critical,Serious Critical,NA
2020-03-23,CAR,tot_cases_1m_pop,Total Cases per 1m Population,0.6
2020-03-23,CAR,death_rate,Death Rate,NA
2020-03-23,Congo,total_cases,Total Cases,3
2020-03-23,Congo,new_cases,New Cases,NA
2020-03-23,Congo,total_deaths,Total Deaths,NA
2020-03-23,Congo,new_deaths,NA,NA
2020-03-23,Congo,total_recovered,Total Recovered,NA
2020-03-23,Congo,active_cases,Active Cases,3
2020-03-23,Congo,serious_critical,Serious Critical,NA
2020-03-23,Congo,tot_cases_1m_pop,Total Cases per 1m Population,0.5
2020-03-23,Congo,death_rate,Death Rate,NA
2020-03-23,El Salvador,total_cases,Total Cases,3
2020-03-23,El Salvador,new_cases,New Cases,NA
2020-03-23,El Salvador,total_deaths,Total Deaths,NA
2020-03-23,El Salvador,new_deaths,NA,NA
2020-03-23,El Salvador,total_recovered,Total Recovered,NA
2020-03-23,El Salvador,active_cases,Active Cases,3
2020-03-23,El Salvador,serious_critical,Serious Critical,NA
2020-03-23,El Salvador,tot_cases_1m_pop,Total Cases per 1m Population,0.5
2020-03-23,El Salvador,death_rate,Death Rate,NA
2020-03-23,Liberia,total_cases,Total Cases,3
2020-03-23,Liberia,new_cases,New Cases,NA
2020-03-23,Liberia,total_deaths,Total Deaths,NA
2020-03-23,Liberia,new_deaths,NA,NA
2020-03-23,Liberia,total_recovered,Total Recovered,NA
2020-03-23,Liberia,active_cases,Active Cases,3
2020-03-23,Liberia,serious_critical,Serious Critical,NA
2020-03-23,Liberia,tot_cases_1m_pop,Total Cases per 1m Population,0.6
2020-03-23,Liberia,death_rate,Death Rate,NA
2020-03-23,Madagascar,total_cases,Total Cases,3
2020-03-23,Madagascar,new_cases,New Cases,NA
2020-03-23,Madagascar,total_deaths,Total Deaths,NA
2020-03-23,Madagascar,new_deaths,NA,NA
2020-03-23,Madagascar,total_recovered,Total Recovered,NA
2020-03-23,Madagascar,active_cases,Active Cases,3
2020-03-23,Madagascar,serious_critical,Serious Critical,NA
2020-03-23,Madagascar,tot_cases_1m_pop,Total Cases per 1m Population,0.1
2020-03-23,Madagascar,death_rate,Death Rate,NA
2020-03-23,Namibia,total_cases,Total Cases,3
2020-03-23,Namibia,new_cases,New Cases,NA
2020-03-23,Namibia,total_deaths,Total Deaths,NA
2020-03-23,Namibia,new_deaths,NA,NA
2020-03-23,Namibia,total_recovered,Total Recovered,NA
2020-03-23,Namibia,active_cases,Active Cases,3
2020-03-23,Namibia,serious_critical,Serious Critical,NA
2020-03-23,Namibia,tot_cases_1m_pop,Total Cases per 1m Population,1
2020-03-23,Namibia,death_rate,Death Rate,NA
2020-03-23,St. Barth,total_cases,Total Cases,3
2020-03-23,St. Barth,new_cases,New Cases,NA
2020-03-23,St. Barth,total_deaths,Total Deaths,NA
2020-03-23,St. Barth,new_deaths,NA,NA
2020-03-23,St. Barth,total_recovered,Total Recovered,NA
2020-03-23,St. Barth,active_cases,Active Cases,3
2020-03-23,St. Barth,serious_critical,Serious Critical,NA
2020-03-23,St. Barth,tot_cases_1m_pop,Total Cases per 1m Population,304
2020-03-23,St. Barth,death_rate,Death Rate,NA
2020-03-23,Zambia,total_cases,Total Cases,3
2020-03-23,Zambia,new_cases,New Cases,1
2020-03-23,Zambia,total_deaths,Total Deaths,NA
2020-03-23,Zambia,new_deaths,NA,NA
2020-03-23,Zambia,total_recovered,Total Recovered,NA
2020-03-23,Zambia,active_cases,Active Cases,3
2020-03-23,Zambia,serious_critical,Serious Critical,NA
2020-03-23,Zambia,tot_cases_1m_pop,Total Cases per 1m Population,0.2
2020-03-23,Zambia,death_rate,Death Rate,NA
2020-03-23,Zimbabwe,total_cases,Total Cases,3
2020-03-23,Zimbabwe,new_cases,New Cases,NA
2020-03-23,Zimbabwe,total_deaths,Total Deaths,NA
2020-03-23,Zimbabwe,new_deaths,NA,NA
2020-03-23,Zimbabwe,total_recovered,Total Recovered,NA
2020-03-23,Zimbabwe,active_cases,Active Cases,3
2020-03-23,Zimbabwe,serious_critical,Serious Critical,NA
2020-03-23,Zimbabwe,tot_cases_1m_pop,Total Cases per 1m Population,0.2
2020-03-23,Zimbabwe,death_rate,Death Rate,NA
2020-03-23,Sudan,total_cases,Total Cases,2
2020-03-23,Sudan,new_cases,New Cases,NA
2020-03-23,Sudan,total_deaths,Total Deaths,NA
2020-03-23,Sudan,new_deaths,NA,NA
2020-03-23,Sudan,total_recovered,Total Recovered,NA
2020-03-23,Sudan,active_cases,Active Cases,1
2020-03-23,Sudan,serious_critical,Serious Critical,NA
2020-03-23,Sudan,tot_cases_1m_pop,Total Cases per 1m Population,0.05
2020-03-23,Sudan,death_rate,Death Rate,NA
2020-03-23,Angola,total_cases,Total Cases,2
2020-03-23,Angola,new_cases,New Cases,NA
2020-03-23,Angola,total_deaths,Total Deaths,NA
2020-03-23,Angola,new_deaths,NA,NA
2020-03-23,Angola,total_recovered,Total Recovered,NA
2020-03-23,Angola,active_cases,Active Cases,2
2020-03-23,Angola,serious_critical,Serious Critical,NA
2020-03-23,Angola,tot_cases_1m_pop,Total Cases per 1m Population,0.06
2020-03-23,Angola,death_rate,Death Rate,NA
2020-03-23,Benin,total_cases,Total Cases,2
2020-03-23,Benin,new_cases,New Cases,NA
2020-03-23,Benin,total_deaths,Total Deaths,NA
2020-03-23,Benin,new_deaths,NA,NA
2020-03-23,Benin,total_recovered,Total Recovered,NA
2020-03-23,Benin,active_cases,Active Cases,2
2020-03-23,Benin,serious_critical,Serious Critical,NA
2020-03-23,Benin,tot_cases_1m_pop,Total Cases per 1m Population,0.2
2020-03-23,Benin,death_rate,Death Rate,NA
2020-03-23,Bermuda,total_cases,Total Cases,2
2020-03-23,Bermuda,new_cases,New Cases,NA
2020-03-23,Bermuda,total_deaths,Total Deaths,NA
2020-03-23,Bermuda,new_deaths,NA,NA
2020-03-23,Bermuda,total_recovered,Total Recovered,NA
2020-03-23,Bermuda,active_cases,Active Cases,2
2020-03-23,Bermuda,serious_critical,Serious Critical,NA
2020-03-23,Bermuda,tot_cases_1m_pop,Total Cases per 1m Population,32
2020-03-23,Bermuda,death_rate,Death Rate,NA
2020-03-23,Bhutan,total_cases,Total Cases,2
2020-03-23,Bhutan,new_cases,New Cases,NA
2020-03-23,Bhutan,total_deaths,Total Deaths,NA
2020-03-23,Bhutan,new_deaths,NA,NA
2020-03-23,Bhutan,total_recovered,Total Recovered,NA
2020-03-23,Bhutan,active_cases,Active Cases,2
2020-03-23,Bhutan,serious_critical,Serious Critical,NA
2020-03-23,Bhutan,tot_cases_1m_pop,Total Cases per 1m Population,3
2020-03-23,Bhutan,death_rate,Death Rate,NA
2020-03-23,Fiji,total_cases,Total Cases,2
2020-03-23,Fiji,new_cases,New Cases,NA
2020-03-23,Fiji,total_deaths,Total Deaths,NA
2020-03-23,Fiji,new_deaths,NA,NA
2020-03-23,Fiji,total_recovered,Total Recovered,NA
2020-03-23,Fiji,active_cases,Active Cases,2
2020-03-23,Fiji,serious_critical,Serious Critical,NA
2020-03-23,Fiji,tot_cases_1m_pop,Total Cases per 1m Population,2
2020-03-23,Fiji,death_rate,Death Rate,NA
2020-03-23,Greenland,total_cases,Total Cases,2
2020-03-23,Greenland,new_cases,New Cases,NA
2020-03-23,Greenland,total_deaths,Total Deaths,NA
2020-03-23,Greenland,new_deaths,NA,NA
2020-03-23,Greenland,total_recovered,Total Recovered,NA
2020-03-23,Greenland,active_cases,Active Cases,2
2020-03-23,Greenland,serious_critical,Serious Critical,NA
2020-03-23,Greenland,tot_cases_1m_pop,Total Cases per 1m Population,35
2020-03-23,Greenland,death_rate,Death Rate,NA
2020-03-23,Guinea,total_cases,Total Cases,2
2020-03-23,Guinea,new_cases,New Cases,NA
2020-03-23,Guinea,total_deaths,Total Deaths,NA
2020-03-23,Guinea,new_deaths,NA,NA
2020-03-23,Guinea,total_recovered,Total Recovered,NA
2020-03-23,Guinea,active_cases,Active Cases,2
2020-03-23,Guinea,serious_critical,Serious Critical,NA
2020-03-23,Guinea,tot_cases_1m_pop,Total Cases per 1m Population,0.2
2020-03-23,Guinea,death_rate,Death Rate,NA
2020-03-23,Haiti,total_cases,Total Cases,2
2020-03-23,Haiti,new_cases,New Cases,NA
2020-03-23,Haiti,total_deaths,Total Deaths,NA
2020-03-23,Haiti,new_deaths,NA,NA
2020-03-23,Haiti,total_recovered,Total Recovered,NA
2020-03-23,Haiti,active_cases,Active Cases,2
2020-03-23,Haiti,serious_critical,Serious Critical,NA
2020-03-23,Haiti,tot_cases_1m_pop,Total Cases per 1m Population,0.2
2020-03-23,Haiti,death_rate,Death Rate,NA
2020-03-23,Mauritania,total_cases,Total Cases,2
2020-03-23,Mauritania,new_cases,New Cases,NA
2020-03-23,Mauritania,total_deaths,Total Deaths,NA
2020-03-23,Mauritania,new_deaths,NA,NA
2020-03-23,Mauritania,total_recovered,Total Recovered,NA
2020-03-23,Mauritania,active_cases,Active Cases,2
2020-03-23,Mauritania,serious_critical,Serious Critical,NA
2020-03-23,Mauritania,tot_cases_1m_pop,Total Cases per 1m Population,0.4
2020-03-23,Mauritania,death_rate,Death Rate,NA
2020-03-23,Nicaragua,total_cases,Total Cases,2
2020-03-23,Nicaragua,new_cases,New Cases,NA
2020-03-23,Nicaragua,total_deaths,Total Deaths,NA
2020-03-23,Nicaragua,new_deaths,NA,NA
2020-03-23,Nicaragua,total_recovered,Total Recovered,NA
2020-03-23,Nicaragua,active_cases,Active Cases,2
2020-03-23,Nicaragua,serious_critical,Serious Critical,NA
2020-03-23,Nicaragua,tot_cases_1m_pop,Total Cases per 1m Population,0.3
2020-03-23,Nicaragua,death_rate,Death Rate,NA
2020-03-23,Niger,total_cases,Total Cases,2
2020-03-23,Niger,new_cases,New Cases,1
2020-03-23,Niger,total_deaths,Total Deaths,NA
2020-03-23,Niger,new_deaths,NA,NA
2020-03-23,Niger,total_recovered,Total Recovered,NA
2020-03-23,Niger,active_cases,Active Cases,2
2020-03-23,Niger,serious_critical,Serious Critical,NA
2020-03-23,Niger,tot_cases_1m_pop,Total Cases per 1m Population,0.08
2020-03-23,Niger,death_rate,Death Rate,NA
2020-03-23,Saint Lucia,total_cases,Total Cases,2
2020-03-23,Saint Lucia,new_cases,New Cases,NA
2020-03-23,Saint Lucia,total_deaths,Total Deaths,NA
2020-03-23,Saint Lucia,new_deaths,NA,NA
2020-03-23,Saint Lucia,total_recovered,Total Recovered,NA
2020-03-23,Saint Lucia,active_cases,Active Cases,2
2020-03-23,Saint Lucia,serious_critical,Serious Critical,NA
2020-03-23,Saint Lucia,tot_cases_1m_pop,Total Cases per 1m Population,11
2020-03-23,Saint Lucia,death_rate,Death Rate,NA
2020-03-23,Nepal,total_cases,Total Cases,1
2020-03-23,Nepal,new_cases,New Cases,NA
2020-03-23,Nepal,total_deaths,Total Deaths,0
2020-03-23,Nepal,new_deaths,NA,NA
2020-03-23,Nepal,total_recovered,Total Recovered,1
2020-03-23,Nepal,active_cases,Active Cases,0
2020-03-23,Nepal,serious_critical,Serious Critical,NA
2020-03-23,Nepal,tot_cases_1m_pop,Total Cases per 1m Population,0.03
2020-03-23,Nepal,death_rate,Death Rate,0
2020-03-23,Antigua and Barbuda,total_cases,Total Cases,1
2020-03-23,Antigua and Barbuda,new_cases,New Cases,NA
2020-03-23,Antigua and Barbuda,total_deaths,Total Deaths,NA
2020-03-23,Antigua and Barbuda,new_deaths,NA,NA
2020-03-23,Antigua and Barbuda,total_recovered,Total Recovered,NA
2020-03-23,Antigua and Barbuda,active_cases,Active Cases,1
2020-03-23,Antigua and Barbuda,serious_critical,Serious Critical,NA
2020-03-23,Antigua and Barbuda,tot_cases_1m_pop,Total Cases per 1m Population,10
2020-03-23,Antigua and Barbuda,death_rate,Death Rate,NA
2020-03-23,Chad,total_cases,Total Cases,1
2020-03-23,Chad,new_cases,New Cases,NA
2020-03-23,Chad,total_deaths,Total Deaths,NA
2020-03-23,Chad,new_deaths,NA,NA
2020-03-23,Chad,total_recovered,Total Recovered,NA
2020-03-23,Chad,active_cases,Active Cases,1
2020-03-23,Chad,serious_critical,Serious Critical,NA
2020-03-23,Chad,tot_cases_1m_pop,Total Cases per 1m Population,0.06
2020-03-23,Chad,death_rate,Death Rate,NA
2020-03-23,Djibouti,total_cases,Total Cases,1
2020-03-23,Djibouti,new_cases,New Cases,NA
2020-03-23,Djibouti,total_deaths,Total Deaths,NA
2020-03-23,Djibouti,new_deaths,NA,NA
2020-03-23,Djibouti,total_recovered,Total Recovered,NA
2020-03-23,Djibouti,active_cases,Active Cases,1
2020-03-23,Djibouti,serious_critical,Serious Critical,NA
2020-03-23,Djibouti,tot_cases_1m_pop,Total Cases per 1m Population,1
2020-03-23,Djibouti,death_rate,Death Rate,NA
2020-03-23,Eritrea,total_cases,Total Cases,1
2020-03-23,Eritrea,new_cases,New Cases,NA
2020-03-23,Eritrea,total_deaths,Total Deaths,NA
2020-03-23,Eritrea,new_deaths,NA,NA
2020-03-23,Eritrea,total_recovered,Total Recovered,NA
2020-03-23,Eritrea,active_cases,Active Cases,1
2020-03-23,Eritrea,serious_critical,Serious Critical,NA
2020-03-23,Eritrea,tot_cases_1m_pop,Total Cases per 1m Population,0.3
2020-03-23,Eritrea,death_rate,Death Rate,NA
2020-03-23,Gambia,total_cases,Total Cases,1
2020-03-23,Gambia,new_cases,New Cases,NA
2020-03-23,Gambia,total_deaths,Total Deaths,NA
2020-03-23,Gambia,new_deaths,NA,NA
2020-03-23,Gambia,total_recovered,Total Recovered,NA
2020-03-23,Gambia,active_cases,Active Cases,1
2020-03-23,Gambia,serious_critical,Serious Critical,NA
2020-03-23,Gambia,tot_cases_1m_pop,Total Cases per 1m Population,0.4
2020-03-23,Gambia,death_rate,Death Rate,NA
2020-03-23,Grenada,total_cases,Total Cases,1
2020-03-23,Grenada,new_cases,New Cases,1
2020-03-23,Grenada,total_deaths,Total Deaths,NA
2020-03-23,Grenada,new_deaths,NA,NA
2020-03-23,Grenada,total_recovered,Total Recovered,NA
2020-03-23,Grenada,active_cases,Active Cases,1
2020-03-23,Grenada,serious_critical,Serious Critical,NA
2020-03-23,Grenada,tot_cases_1m_pop,Total Cases per 1m Population,9
2020-03-23,Grenada,death_rate,Death Rate,NA
2020-03-23,Vatican City,total_cases,Total Cases,1
2020-03-23,Vatican City,new_cases,New Cases,NA
2020-03-23,Vatican City,total_deaths,Total Deaths,NA
2020-03-23,Vatican City,new_deaths,NA,NA
2020-03-23,Vatican City,total_recovered,Total Recovered,NA
2020-03-23,Vatican City,active_cases,Active Cases,1
2020-03-23,Vatican City,serious_critical,Serious Critical,NA
2020-03-23,Vatican City,tot_cases_1m_pop,Total Cases per 1m Population,1248
2020-03-23,Vatican City,death_rate,Death Rate,NA
2020-03-23,Montserrat,total_cases,Total Cases,1
2020-03-23,Montserrat,new_cases,New Cases,NA
2020-03-23,Montserrat,total_deaths,Total Deaths,NA
2020-03-23,Montserrat,new_deaths,NA,NA
2020-03-23,Montserrat,total_recovered,Total Recovered,NA
2020-03-23,Montserrat,active_cases,Active Cases,1
2020-03-23,Montserrat,serious_critical,Serious Critical,NA
2020-03-23,Montserrat,tot_cases_1m_pop,Total Cases per 1m Population,200
2020-03-23,Montserrat,death_rate,Death Rate,NA
2020-03-23,Mozambique,total_cases,Total Cases,1
2020-03-23,Mozambique,new_cases,New Cases,1
2020-03-23,Mozambique,total_deaths,Total Deaths,NA
2020-03-23,Mozambique,new_deaths,NA,NA
2020-03-23,Mozambique,total_recovered,Total Recovered,NA
2020-03-23,Mozambique,active_cases,Active Cases,1
2020-03-23,Mozambique,serious_critical,Serious Critical,NA
2020-03-23,Mozambique,tot_cases_1m_pop,Total Cases per 1m Population,0.03
2020-03-23,Mozambique,death_rate,Death Rate,NA
2020-03-23,Papua New Guinea,total_cases,Total Cases,1
2020-03-23,Papua New Guinea,new_cases,New Cases,NA
2020-03-23,Papua New Guinea,total_deaths,Total Deaths,NA
2020-03-23,Papua New Guinea,new_deaths,NA,NA
2020-03-23,Papua New Guinea,total_recovered,Total Recovered,NA
2020-03-23,Papua New Guinea,active_cases,Active Cases,1
2020-03-23,Papua New Guinea,serious_critical,Serious Critical,NA
2020-03-23,Papua New Guinea,tot_cases_1m_pop,Total Cases per 1m Population,0.1
2020-03-23,Papua New Guinea,death_rate,Death Rate,NA
2020-03-23,St. Vincent Grenadines,total_cases,Total Cases,1
2020-03-23,St. Vincent Grenadines,new_cases,New Cases,NA
2020-03-23,St. Vincent Grenadines,total_deaths,Total Deaths,NA
2020-03-23,St. Vincent Grenadines,new_deaths,NA,NA
2020-03-23,St. Vincent Grenadines,total_recovered,Total Recovered,NA
2020-03-23,St. Vincent Grenadines,active_cases,Active Cases,1
2020-03-23,St. Vincent Grenadines,serious_critical,Serious Critical,NA
2020-03-23,St. Vincent Grenadines,tot_cases_1m_pop,Total Cases per 1m Population,9
2020-03-23,St. Vincent Grenadines,death_rate,Death Rate,NA
2020-03-23,Sint Maarten,total_cases,Total Cases,1
2020-03-23,Sint Maarten,new_cases,New Cases,NA
2020-03-23,Sint Maarten,total_deaths,Total Deaths,NA
2020-03-23,Sint Maarten,new_deaths,NA,NA
2020-03-23,Sint Maarten,total_recovered,Total Recovered,NA
2020-03-23,Sint Maarten,active_cases,Active Cases,1
2020-03-23,Sint Maarten,serious_critical,Serious Critical,NA
2020-03-23,Sint Maarten,tot_cases_1m_pop,Total Cases per 1m Population,23
2020-03-23,Sint Maarten,death_rate,Death Rate,NA
2020-03-23,Somalia,total_cases,Total Cases,1
2020-03-23,Somalia,new_cases,New Cases,NA
2020-03-23,Somalia,total_deaths,Total Deaths,NA
2020-03-23,Somalia,new_deaths,NA,NA
2020-03-23,Somalia,total_recovered,Total Recovered,NA
2020-03-23,Somalia,active_cases,Active Cases,1
2020-03-23,Somalia,serious_critical,Serious Critical,NA
2020-03-23,Somalia,tot_cases_1m_pop,Total Cases per 1m Population,0.06
2020-03-23,Somalia,death_rate,Death Rate,NA
2020-03-23,Syria,total_cases,Total Cases,1
2020-03-23,Syria,new_cases,New Cases,1
2020-03-23,Syria,total_deaths,Total Deaths,NA
2020-03-23,Syria,new_deaths,NA,NA
2020-03-23,Syria,total_recovered,Total Recovered,NA
2020-03-23,Syria,active_cases,Active Cases,1
2020-03-23,Syria,serious_critical,Serious Critical,NA
2020-03-23,Syria,tot_cases_1m_pop,Total Cases per 1m Population,0.06
2020-03-23,Syria,death_rate,Death Rate,NA
2020-03-23,Timor-Leste,total_cases,Total Cases,1
2020-03-23,Timor-Leste,new_cases,New Cases,NA
2020-03-23,Timor-Leste,total_deaths,Total Deaths,NA
2020-03-23,Timor-Leste,new_deaths,NA,NA
2020-03-23,Timor-Leste,total_recovered,Total Recovered,NA
2020-03-23,Timor-Leste,active_cases,Active Cases,1
2020-03-23,Timor-Leste,serious_critical,Serious Critical,NA
2020-03-23,Timor-Leste,tot_cases_1m_pop,Total Cases per 1m Population,0.8
2020-03-23,Timor-Leste,death_rate,Death Rate,NA
2020-03-23,Uganda,total_cases,Total Cases,1
2020-03-23,Uganda,new_cases,New Cases,NA
2020-03-23,Uganda,total_deaths,Total Deaths,NA
2020-03-23,Uganda,new_deaths,NA,NA
2020-03-23,Uganda,total_recovered,Total Recovered,NA
2020-03-23,Uganda,active_cases,Active Cases,1
2020-03-23,Uganda,serious_critical,Serious Critical,NA
2020-03-23,Uganda,tot_cases_1m_pop,Total Cases per 1m Population,0.02
2020-03-23,Uganda,death_rate,Death Rate,NA
